user_id,personal_number,affiliation,namae,phone_number,user_class,position,attendance_suspension,login_pass,delflag,lastupdate
1,63545,財務部,遠藤 修平,090-0064-3962,教員,非常勤,FALSE,_0TUFPlmGM,FALSE,2025-07-10 07:31:05
2,T124432,機械電子工学科,佐藤 七夏,08-7506-5408,学生,,FALSE,z%w@B3VgdA,FALSE,2025-07-10 07:31:05
3,48175,教務部,清水 修平,090-5231-1282,職員,専任,FALSE,$0_e8Us^3h,FALSE,2025-07-10 07:31:05
4,47762,財務部,佐藤 里佳,080-4192-6224,職員,臨時,FALSE,)br+2SyqAm,FALSE,2025-07-10 07:31:05
5,T125521,機械電子工学科,木村 あすか,21-8831-9721,学生,,FALSE,%9xwAgwD04,FALSE,2025-07-10 07:31:05
6,T122291,情報応用工学科,高橋 知実,32-1076-2445,学生,,FALSE,sW*9rWtMvK,FALSE,2025-07-10 07:31:05
7,T125787,機械電子工学科,橋本 学,080-0386-5551,学生,,FALSE,Z3O^bYTk(P,FALSE,2025-07-10 07:31:05
8,91930,教務部,中島 桃子,090-6094-4983,教員,特任,FALSE,%n*SknsLs8,FALSE,2025-07-10 07:31:05
9,T122471,情報応用工学科,山崎 翔太,85-2593-2012,学生,,FALSE,_d8As5Vpb*,FALSE,2025-07-10 07:31:05
10,T124655,情報応用工学科,山本 裕樹,55-0618-4606,学生,,FALSE,@74!8AGora,FALSE,2025-07-10 07:31:05
11,T125725,機械電子工学科,渡辺 英樹,56-2948-6136,学生,,FALSE,^S9Y5Xc#7Q,FALSE,2025-07-10 07:31:05
12,28643,教務部,田中 英樹,070-1576-8932,教員,専任,FALSE,m&A_Y9QhBk,FALSE,2025-07-10 07:31:05
13,T122681,機械電子工学科,石川 香織,080-4012-6805,学生,,FALSE,Hznp!2Evy),FALSE,2025-07-10 07:31:05
14,T124441,機械電子工学科,井上 洋介,090-2309-8078,学生,,FALSE,@eeLat@Q)8,FALSE,2025-07-10 07:31:05
15,T123801,情報応用工学科,山口 花子,07-2355-7961,学生,,FALSE,sK95NWjp!d,FALSE,2025-07-10 07:31:05
16,T123923,機械電子工学科,福田 英樹,090-5684-3682,学生,,FALSE,5nU0oAtl&8,FALSE,2025-07-10 07:31:05
17,62760,財務部,渡辺 零,070-2529-0206,教員,非常勤,FALSE,o%4KZMzxuK,FALSE,2025-07-10 07:31:05
18,T124216,機械電子工学科,伊藤 洋介,080-5581-8248,学生,,FALSE,$n3L2CVt^),FALSE,2025-07-10 07:31:05
19,67382,教務部,井上 篤司,070-3983-7071,教員,非常勤,FALSE,K+gd81@h2F,FALSE,2025-07-10 07:31:05
20,T122163,機械電子工学科,小川 康弘,06-3680-4619,学生,,FALSE,Ja4RRkh_G!,FALSE,2025-07-10 07:31:05
21,T125018,機械電子工学科,福田 陽一,090-0083-3814,学生,,FALSE,0)^%4HTI@h,FALSE,2025-07-10 07:31:05
22,89135,財務部,坂本 聡太郎,090-5744-5773,教員,専任,FALSE,(5cGn)zmsA,FALSE,2025-07-10 07:31:05
23,T122376,情報応用工学科,村上 洋介,90-4876-5231,学生,,FALSE,$(9S3dY&Yg,FALSE,2025-07-10 07:31:05
24,T125954,情報応用工学科,小林 裕太,19-5345-7219,学生,,FALSE,Gm!08!Iy(_,FALSE,2025-07-10 07:31:05
25,T125144,機械電子工学科,福田 充,090-4341-7798,学生,,FALSE,0AE&m0Yx@u,FALSE,2025-07-10 07:31:05
26,T124368,情報応用工学科,吉田 健一,38-2468-4355,学生,,FALSE,^)6UZy+S%N,FALSE,2025-07-10 07:31:05
27,T125138,情報応用工学科,小林 知実,070-8280-3677,学生,,FALSE,T^9_a1Li1p,FALSE,2025-07-10 07:31:05
28,T123934,機械電子工学科,池田 あすか,98-7838-2264,学生,,FALSE,x#0mYPpu#e,FALSE,2025-07-10 07:31:05
29,T125770,機械電子工学科,佐々木 香織,070-3244-9513,学生,,FALSE,^ANEeUst91,FALSE,2025-07-10 07:31:05
30,33789,財務部,山崎 翔太,080-1819-4591,教員,非常勤,FALSE,^AC4De_Y1u,FALSE,2025-07-10 07:31:05
31,T125351,機械電子工学科,渡辺 康弘,35-6957-0748,学生,,FALSE,U9AVXfeV_9,FALSE,2025-07-10 07:31:05
32,21959,財務部,加藤 学,070-4106-7904,職員,嘱託,FALSE,Nv19LmXi%*,FALSE,2025-07-10 07:31:05
33,63529,財務部,鈴木 健一,02-6275-4851,教員,特任,FALSE,@mTK4v3vY8,FALSE,2025-07-10 07:31:05
34,T124757,情報応用工学科,高橋 篤司,64-0981-6387,学生,,FALSE,O_2Q(qTmCV,FALSE,2025-07-10 07:31:05
35,31081,財務部,阿部 拓真,070-4467-8041,職員,嘱託,FALSE,+j0QqQfET$,FALSE,2025-07-10 07:31:05
36,T124855,機械電子工学科,中川 さゆり,27-9151-2295,学生,,FALSE,Fv*I%@7r+7,FALSE,2025-07-10 07:31:05
37,T123185,機械電子工学科,西村 稔,080-6020-6429,学生,,FALSE,F3CxNW#X(0,FALSE,2025-07-10 07:31:05
38,82112,教務部,山田 春香,090-6138-1959,教員,特任,FALSE,+6q25Ib0KE,FALSE,2025-07-10 07:31:05
39,T122362,機械電子工学科,橋本 陽一,070-2174-1547,学生,,FALSE,QjX1+STSx$,FALSE,2025-07-10 07:31:05
40,T123039,機械電子工学科,小林 直子,080-8140-1737,学生,,FALSE,QuN$pcgr#7,FALSE,2025-07-10 07:31:05
41,T122479,機械電子工学科,鈴木 千代,01-5682-6102,学生,,FALSE,!2PE#vUxMf,FALSE,2025-07-10 07:31:05
42,T125566,情報応用工学科,高橋 あすか,090-6211-6167,学生,,FALSE,@#5D05h%df,FALSE,2025-07-10 07:31:05
43,96213,財務部,田中 和也,02-0775-4106,教員,特任,FALSE,LoRs7nGz&6,FALSE,2025-07-10 07:31:05
44,T122223,情報応用工学科,吉田 涼平,080-0522-1294,学生,,FALSE,$1%_P!AdK6,FALSE,2025-07-10 07:31:05
45,T124136,機械電子工学科,木村 太郎,070-4259-0331,学生,,FALSE,cpB8PRL*z+,FALSE,2025-07-10 07:31:05
46,91621,財務部,岡田 聡太郎,91-6224-9072,教員,非常勤,FALSE,3$I34HzpmE,FALSE,2025-07-10 07:31:05
47,T123821,情報応用工学科,鈴木 和也,090-6272-3342,学生,,FALSE,K*9JRumm$Q,FALSE,2025-07-10 07:31:05
48,T122841,機械電子工学科,清水 聡太郎,070-0562-3144,学生,,FALSE,#EWrXoxf8+,FALSE,2025-07-10 07:31:05
49,81997,教務部,中村 健一,070-0448-9490,教員,特任,FALSE,^UIadK4kz1,FALSE,2025-07-10 07:31:05
50,T123806,機械電子工学科,佐藤 幹,32-1406-6647,学生,,FALSE,*7ZW_(Fp$7,FALSE,2025-07-10 07:31:05
51,T122504,情報応用工学科,渡辺 篤司,82-6334-2641,学生,,FALSE,@!rQr3Sh)q,FALSE,2025-07-10 07:31:05
52,92593,教務部,前田 明美,090-5529-6432,職員,臨時,FALSE,BhcDQ3Zl8%,FALSE,2025-07-10 07:31:05
53,T122656,機械電子工学科,橋本 涼平,080-0309-7476,学生,,FALSE,SV6X$eyU(4,FALSE,2025-07-10 07:31:05
54,T124276,情報応用工学科,林 美加子,070-7694-0922,学生,,FALSE,e3pKevSg#s,FALSE,2025-07-10 07:31:05
55,T124283,機械電子工学科,西村 春香,080-7966-8165,学生,,FALSE,JR&0FXek^D,FALSE,2025-07-10 07:31:05
56,T122386,情報応用工学科,井上 太郎,070-6453-1803,学生,,FALSE,PuWlc6PkX^,FALSE,2025-07-10 07:31:05
57,T125479,情報応用工学科,阿部 亮介,27-3981-0007,学生,,FALSE,Td3zVxrO!$,FALSE,2025-07-10 07:31:05
58,70492,教務部,後藤 洋介,090-5500-3061,教員,非常勤,FALSE,@51UtjgiFc,FALSE,2025-07-10 07:31:05
59,T125441,情報応用工学科,佐藤 拓真,090-2474-0888,学生,,FALSE,m1&Y*NJ3(j,FALSE,2025-07-10 07:31:05
60,T124060,機械電子工学科,西村 裕樹,080-9143-9273,学生,,FALSE,D!n^$4Sv6+,FALSE,2025-07-10 07:31:05
61,T124104,機械電子工学科,小林 香織,080-9340-5550,学生,,FALSE,Lm&!0Jvc4v,FALSE,2025-07-10 07:31:05
62,T123715,機械電子工学科,佐藤 太一,070-9154-5662,学生,,FALSE,p8c7I&0w)a,FALSE,2025-07-10 07:31:05
63,T123954,情報応用工学科,伊藤 あすか,090-6834-2694,学生,,FALSE,g!u2&Y7d^1,FALSE,2025-07-10 07:31:05
64,T123888,情報応用工学科,鈴木 康弘,070-1150-8841,学生,,FALSE,XpCLGQ5z@4,FALSE,2025-07-10 07:31:05
65,T123585,情報応用工学科,渡辺 健一,080-2792-1511,学生,,FALSE,O%Res(4y9F,FALSE,2025-07-10 07:31:05
66,88574,教務部,山口 花子,070-3537-3235,職員,専任,FALSE,!36&2CvxFC,FALSE,2025-07-10 07:31:05
67,T123144,機械電子工学科,中村 さゆり,080-3143-1704,学生,,FALSE,+p(2rDm*YX,FALSE,2025-07-10 07:31:05
68,T123407,機械電子工学科,小林 篤司,070-2614-6293,学生,,FALSE,@5L*Jz%r6G,FALSE,2025-07-10 07:31:05
69,T125401,情報応用工学科,佐藤 陽一,080-2276-5002,学生,,FALSE,_MC#7YHk2x,FALSE,2025-07-10 07:31:05
70,T123172,機械電子工学科,池田 治,090-9782-8736,学生,,FALSE,!6ND_cE+M$,FALSE,2025-07-10 07:31:05
71,T125474,機械電子工学科,鈴木 知実,080-7505-8014,学生,,FALSE,sY9E9!Vx_%,FALSE,2025-07-10 07:31:05
72,T125592,情報応用工学科,池田 七夏,83-1867-6911,学生,,FALSE,^6JxVmmr6l,FALSE,2025-07-10 07:31:05
73,T123851,機械電子工学科,田中 京助,83-9985-8949,学生,,FALSE,!&3$SWOgVw,FALSE,2025-07-10 07:31:05
74,T123430,機械電子工学科,田中 直子,090-8531-8460,学生,,FALSE,xDR2UoDh!$,FALSE,2025-07-10 07:31:05
75,T124294,機械電子工学科,石井 美加子,46-3210-1204,学生,,FALSE,b1VXdnBz&9,FALSE,2025-07-10 07:31:05
76,69692,財務部,田中 真綾,070-6303-2826,職員,専任,FALSE,$_2ZrdBi*u,FALSE,2025-07-10 07:31:05
77,41304,財務部,鈴木 明美,090-0704-3411,教員,専任,FALSE,!G$04OEf&k,FALSE,2025-07-10 07:31:05
78,63851,教務部,石川 淳,070-8060-6136,職員,嘱託,FALSE,7M2iIOYr1*,FALSE,2025-07-10 07:31:05
79,T125092,機械電子工学科,佐藤 七夏,090-6184-4288,学生,,FALSE,*nVVdX3+t5,FALSE,2025-07-10 07:31:05
80,59975,財務部,田中 亮介,94-4811-0412,職員,臨時,FALSE,_75ECrE85w,FALSE,2025-07-10 07:31:05
81,95483,教務部,鈴木 春香,070-0230-5832,教員,特任,FALSE,BN*37CJjVb,FALSE,2025-07-10 07:31:05
82,T122151,情報応用工学科,山下 美加子,080-6505-0384,学生,,FALSE,+hJx5GNqmw,FALSE,2025-07-10 07:31:05
83,T124087,機械電子工学科,山本 七夏,070-7808-7894,学生,,FALSE,)JZ@o9w$&6,FALSE,2025-07-10 07:31:05
84,23155,財務部,近藤 真綾,070-9128-4124,教員,専任,FALSE,xk6Yd!n_)k,FALSE,2025-07-10 07:31:05
85,T124187,機械電子工学科,佐藤 くみ子,070-6124-4097,学生,,FALSE,bv$Z91Oxv),FALSE,2025-07-10 07:31:05
86,12011,教務部,佐藤 篤司,090-8160-7078,教員,特任,FALSE,@)2tLw9Q+A,FALSE,2025-07-10 07:31:05
87,95848,教務部,藤井 太一,080-0358-8499,職員,専任,FALSE,^0TCOygi_z,FALSE,2025-07-10 07:31:05
88,T123951,機械電子工学科,田中 さゆり,090-5503-5221,学生,,FALSE,diHk5Zo$F&,FALSE,2025-07-10 07:31:05
89,T123403,機械電子工学科,渡辺 結衣,080-2691-6174,学生,,FALSE,%bNdC0Eey_,FALSE,2025-07-10 07:31:05
90,T124705,情報応用工学科,村上 拓真,070-8416-6514,学生,,FALSE,+2__Yql2AS,FALSE,2025-07-10 07:31:05
91,T125545,機械電子工学科,後藤 涼平,30-2003-4679,学生,,FALSE,N3qKWdWA^D,FALSE,2025-07-10 07:31:05
92,T125549,機械電子工学科,佐藤 香織,28-0046-1427,学生,,FALSE,Yz3Q7tXV(c,FALSE,2025-07-10 07:31:05
93,T125973,機械電子工学科,小川 千代,080-4114-3232,学生,,FALSE,s7rb(J+A%o,FALSE,2025-07-10 07:31:05
94,T124610,機械電子工学科,高橋 真綾,64-8820-3859,学生,,FALSE,Y#d2#gEbRj,FALSE,2025-07-10 07:31:05
95,T125635,情報応用工学科,加藤 学,070-8418-9369,学生,,FALSE,Z1_3Qa)k@Y,FALSE,2025-07-10 07:31:05
96,90952,教務部,山下 晃,070-6439-7960,職員,専任,FALSE,R*sZ3D$g3z,FALSE,2025-07-10 07:31:05
97,T124629,機械電子工学科,鈴木 あすか,080-5804-2128,学生,,FALSE,2p1PFHM43%,FALSE,2025-07-10 07:31:05
98,T122944,情報応用工学科,小川 晃,38-8944-4770,学生,,FALSE,%$ib7I$vjV,FALSE,2025-07-10 07:31:05
99,T123800,情報応用工学科,山本 英樹,090-6889-6753,学生,,FALSE,kB#tz9RiE(,FALSE,2025-07-10 07:31:05
100,93091,教務部,山本 里佳,72-1454-6595,教員,特任,FALSE,Kr9!IxwX#%,FALSE,2025-07-10 07:31:05
101,T122693,機械電子工学科,鈴木 陽子,070-7015-2272,学生,,FALSE,F!z9gIa*iD,FALSE,2025-07-10 07:31:05
102,T125768,情報応用工学科,吉田 京助,070-3226-7905,学生,,FALSE,@9aOrTXRF_,FALSE,2025-07-10 07:31:05
103,16029,財務部,坂本 直人,070-8569-4042,職員,専任,FALSE,yqR8c4Uv3^,FALSE,2025-07-10 07:31:05
104,48462,財務部,伊藤 幹,090-4586-2478,職員,嘱託,FALSE,$!0zJ%jzn_,FALSE,2025-07-10 07:31:05
105,T123788,情報応用工学科,山口 加奈,080-9007-2882,学生,,FALSE,+#+6rBe1!B,FALSE,2025-07-10 07:31:05
106,42015,財務部,福田 京助,090-9330-8902,職員,臨時,FALSE,Z)62V5e4l*,FALSE,2025-07-10 07:31:05
107,99396,教務部,岡田 七夏,090-6135-4671,職員,専任,FALSE,$FdJ4OkGnA,FALSE,2025-07-10 07:31:05
108,32952,教務部,清水 直子,080-8192-6623,教員,非常勤,FALSE,_^7X@y+DbJ,FALSE,2025-07-10 07:31:05
109,T125633,機械電子工学科,吉田 晃,090-1232-9277,学生,,FALSE,&m1C5Ojg8#,FALSE,2025-07-10 07:31:05
110,T124585,情報応用工学科,井上 直子,96-6583-3052,学生,,FALSE,^gO1BM(eQf,FALSE,2025-07-10 07:31:05
111,75251,教務部,渡辺 英樹,070-6936-2039,教員,専任,FALSE,+uu3Cocx3$,FALSE,2025-07-10 07:31:05
112,T123919,機械電子工学科,石川 里佳,070-8070-4499,学生,,FALSE,sl1XG*Ig9&,FALSE,2025-07-10 07:31:05
113,T123913,機械電子工学科,井上 あすか,090-2199-6141,学生,,FALSE,7k@5hJWh0h,FALSE,2025-07-10 07:31:05
114,T124786,情報応用工学科,山本 京助,070-8948-3203,学生,,FALSE,bZ4v*0EpW^,FALSE,2025-07-10 07:31:05
115,T125755,機械電子工学科,伊藤 浩,080-7576-9840,学生,,FALSE,27&0UsbiCU,FALSE,2025-07-10 07:31:05
116,47710,教務部,田中 太郎,080-5113-1490,教員,専任,FALSE,V5t9f6Wu_h,FALSE,2025-07-10 07:31:05
117,T123838,機械電子工学科,中村 裕美子,070-3094-0928,学生,,FALSE,6(R5ZwTJwU,FALSE,2025-07-10 07:31:05
118,T124456,機械電子工学科,石川 淳,86-3125-7376,学生,,FALSE,g@6^BRRdHi,FALSE,2025-07-10 07:31:05
119,T124672,機械電子工学科,山田 修平,070-7693-8541,学生,,FALSE,_#rwWr8$@8,FALSE,2025-07-10 07:31:05
120,T124887,機械電子工学科,加藤 翔太,45-4684-5034,学生,,FALSE,b)n5Jvf!Rs,FALSE,2025-07-10 07:31:05
121,T123903,機械電子工学科,佐々木 修平,12-8288-4552,学生,,FALSE,ZD&4T8PdeD,FALSE,2025-07-10 07:31:05
122,T122828,機械電子工学科,田中 晃,080-9812-0164,学生,,FALSE,(gUE7i7K32,FALSE,2025-07-10 07:31:05
123,T125571,機械電子工学科,渡辺 聡太郎,080-9764-9066,学生,,FALSE,E@4RBxh2*C,FALSE,2025-07-10 07:31:05
124,T122443,情報応用工学科,佐藤 篤司,070-5757-3657,学生,,FALSE,)K$8nnTnUy,FALSE,2025-07-10 07:31:05
125,T123587,機械電子工学科,鈴木 美加子,080-0764-3481,学生,,FALSE,#$1ASva)!U,FALSE,2025-07-10 07:31:05
126,T124406,機械電子工学科,渡辺 明美,96-1089-6827,学生,,FALSE,f1AUdygd%n,FALSE,2025-07-10 07:31:05
127,48710,教務部,松田 洋介,090-7608-1433,教員,非常勤,FALSE,(!t+9VsSt5,FALSE,2025-07-10 07:31:05
128,61895,財務部,長谷川 くみ子,92-7719-0452,教員,専任,FALSE,&+lGCmzky6,FALSE,2025-07-10 07:31:05
129,84204,教務部,鈴木 陽子,39-7234-7265,職員,臨時,FALSE,q#!43inp+N,FALSE,2025-07-10 07:31:05
130,T125120,機械電子工学科,鈴木 拓真,080-4616-3368,学生,,FALSE,k)4yPPq8*P,FALSE,2025-07-10 07:31:05
131,47522,教務部,中川 舞,090-3438-2153,職員,臨時,FALSE,WNx6MYLw^5,FALSE,2025-07-10 07:31:05
132,56195,教務部,坂本 健一,080-2289-9502,教員,非常勤,FALSE,!6_!kHwu(+,FALSE,2025-07-10 07:31:05
133,34928,財務部,佐藤 くみ子,03-5956-8032,職員,臨時,FALSE,0U!7*HrUhy,FALSE,2025-07-10 07:31:05
134,T125165,情報応用工学科,三浦 幹,07-1444-4850,学生,,FALSE,#Md1GbRyF7,FALSE,2025-07-10 07:31:05
135,T124632,情報応用工学科,小林 直人,070-2472-7084,学生,,FALSE,!5q#Ekc0pq,FALSE,2025-07-10 07:31:05
136,92278,教務部,鈴木 あすか,070-7033-3953,教員,特任,FALSE,k1KG8bl^_i,FALSE,2025-07-10 07:31:05
137,T125303,機械電子工学科,斉藤 幹,090-5773-7448,学生,,FALSE,)dAr1D(b#@,FALSE,2025-07-10 07:31:05
138,T122136,機械電子工学科,鈴木 篤司,070-3734-4510,学生,,FALSE,)4WuJ$lMBa,FALSE,2025-07-10 07:31:05
139,T125068,情報応用工学科,太田 修平,090-5193-2095,学生,,FALSE,D%6XLve+cz,FALSE,2025-07-10 07:31:05
140,21815,財務部,佐藤 さゆり,32-4819-5854,教員,特任,FALSE,KUr*S2Fqc6,FALSE,2025-07-10 07:31:05
141,64485,教務部,鈴木 桃子,070-0324-5733,職員,専任,FALSE,w3)8A9Ig)O,FALSE,2025-07-10 07:31:05
142,27327,財務部,渡辺 桃子,090-3579-4616,職員,臨時,FALSE,#Z86J0dx^G,FALSE,2025-07-10 07:31:05
143,75802,財務部,中村 結衣,47-6041-7971,職員,専任,FALSE,_u53#DtyEX,FALSE,2025-07-10 07:31:05
144,T123071,機械電子工学科,橋本 七夏,090-2196-8383,学生,,FALSE,&2zjU&sb@n,FALSE,2025-07-10 07:31:05
145,48702,財務部,林 春香,13-6581-6701,教員,専任,FALSE,C7_Avstf*(,FALSE,2025-07-10 07:31:05
146,T123962,情報応用工学科,吉田 淳,090-1097-2095,学生,,FALSE,W^8OFVtY0U,FALSE,2025-07-10 07:31:05
147,T122588,情報応用工学科,山下 七夏,67-6438-9374,学生,,FALSE,(77CtVdxgD,FALSE,2025-07-10 07:31:05
148,T125613,機械電子工学科,石川 千代,070-7584-8301,学生,,FALSE,*R5B_%m(uU,FALSE,2025-07-10 07:31:05
149,T125551,機械電子工学科,松田 晃,33-8001-7724,学生,,FALSE,AZL54Weh+4,FALSE,2025-07-10 07:31:05
150,T122375,機械電子工学科,鈴木 直子,090-1146-3224,学生,,FALSE,%5yM%wa+ZP,FALSE,2025-07-10 07:31:05
151,11824,財務部,清水 くみ子,080-4330-8330,教員,非常勤,FALSE,#3OhnexUFT,FALSE,2025-07-10 07:31:05
152,26205,財務部,高橋 加奈,070-6667-2163,職員,嘱託,FALSE,H1$l2QIpZK,FALSE,2025-07-10 07:31:05
153,T124825,機械電子工学科,後藤 淳,90-8013-5491,学生,,FALSE,x4(TngTf_B,FALSE,2025-07-10 07:31:05
154,T124454,機械電子工学科,阿部 結衣,090-6729-0500,学生,,FALSE,mF0PIXs0r+,FALSE,2025-07-10 07:31:05
155,T125453,機械電子工学科,坂本 真綾,070-6504-9625,学生,,FALSE,WG6S@uOsA^,FALSE,2025-07-10 07:31:05
156,T122453,情報応用工学科,佐藤 香織,080-2955-4478,学生,,FALSE,+&%0VlJme2,FALSE,2025-07-10 07:31:05
157,T123979,情報応用工学科,山下 七夏,080-5002-8782,学生,,FALSE,_y0JGIupv(,FALSE,2025-07-10 07:31:05
158,T124602,機械電子工学科,高橋 翔太,070-5957-8572,学生,,FALSE,Xd0Mc^og)g,FALSE,2025-07-10 07:31:05
159,T125854,情報応用工学科,松本 真綾,070-8262-2060,学生,,FALSE,$HD+I(tb8V,FALSE,2025-07-10 07:31:05
160,94935,教務部,佐々木 知実,070-4500-4522,教員,非常勤,FALSE,@MWGD_Air9,FALSE,2025-07-10 07:31:05
161,T125463,機械電子工学科,中川 春香,070-3606-6309,学生,,FALSE,8FMBwPS@!q,FALSE,2025-07-10 07:31:05
162,T125831,機械電子工学科,渡辺 明美,95-5106-4349,学生,,FALSE,7&QA2mVre0,FALSE,2025-07-10 07:31:05
163,T124731,機械電子工学科,清水 美加子,090-4454-4766,学生,,FALSE,$0QaOn(r!B,FALSE,2025-07-10 07:31:05
164,T122490,情報応用工学科,伊藤 幹,070-3005-9716,学生,,FALSE,$4Du2pyLyf,FALSE,2025-07-10 07:31:05
165,15945,教務部,遠藤 千代,080-6721-8635,職員,嘱託,FALSE,)7Jp+%Jo$s,FALSE,2025-07-10 07:31:05
166,T124068,情報応用工学科,井上 翔太,070-0600-2296,学生,,FALSE,^!TMd&460K,FALSE,2025-07-10 07:31:05
167,T122407,情報応用工学科,山下 直子,080-9521-8537,学生,,FALSE,Mtu08URf^y,FALSE,2025-07-10 07:31:05
168,80493,教務部,山口 晃,12-9491-6480,教員,特任,FALSE,z_M3E0NjlR,FALSE,2025-07-10 07:31:05
169,T123900,機械電子工学科,佐藤 亮介,75-2367-9296,学生,,FALSE,s^0i6pOyt4,FALSE,2025-07-10 07:31:05
170,T124826,機械電子工学科,山崎 学,090-4716-7640,学生,,FALSE,_l06B)#zId,FALSE,2025-07-10 07:31:05
171,87023,教務部,田中 陽一,080-9335-6103,職員,嘱託,FALSE,%%35PAvY42,FALSE,2025-07-10 07:31:05
172,T124760,情報応用工学科,近藤 裕美子,070-2506-2395,学生,,FALSE,SWY_6LXlJx,FALSE,2025-07-10 07:31:05
173,T125513,機械電子工学科,渡辺 太郎,090-3684-4583,学生,,FALSE,Ld3oOpf*p),FALSE,2025-07-10 07:31:05
174,T124590,機械電子工学科,高橋 裕太,090-9011-3546,学生,,FALSE,*57$BPqx3@,FALSE,2025-07-10 07:31:05
175,T125965,機械電子工学科,藤田 太一,080-6195-9410,学生,,FALSE,+hc9GsEg^l,FALSE,2025-07-10 07:31:05
176,14290,財務部,小林 零,090-2316-6131,教員,専任,FALSE,x0N22vpn+N,FALSE,2025-07-10 07:31:05
177,T123857,機械電子工学科,青木 千代,070-3222-2485,学生,,FALSE,(*%7SRVim9,FALSE,2025-07-10 07:31:05
178,T122990,機械電子工学科,加藤 あすか,080-2856-5183,学生,,FALSE,!3B5L%MoJu,FALSE,2025-07-10 07:31:05
179,T122416,機械電子工学科,吉田 裕樹,080-1295-4876,学生,,FALSE,+0YPvlhhcL,FALSE,2025-07-10 07:31:05
180,81402,財務部,鈴木 和也,89-4443-7102,職員,専任,FALSE,^xFFOya2#0,FALSE,2025-07-10 07:31:05
181,T123665,機械電子工学科,山田 洋介,090-9655-0824,学生,,FALSE,c#1mEgz4B$,FALSE,2025-07-10 07:31:05
182,T122798,情報応用工学科,山田 晃,40-0895-1259,学生,,FALSE,zf0sB+t4Q@,FALSE,2025-07-10 07:31:05
183,T125585,機械電子工学科,佐藤 治,090-5272-6067,学生,,FALSE,A4Oh4Txu$K,FALSE,2025-07-10 07:31:05
184,T122383,情報応用工学科,小林 稔,070-6221-6667,学生,,FALSE,W8Y@5B^e+^,FALSE,2025-07-10 07:31:05
185,T124711,情報応用工学科,渡辺 和也,070-7686-3821,学生,,FALSE,^4PIDkFf56,FALSE,2025-07-10 07:31:05
186,T122210,機械電子工学科,山田 拓真,080-5675-6388,学生,,FALSE,%5xO7Snvb2,FALSE,2025-07-10 07:31:05
187,41941,教務部,高橋 あすか,05-2759-2656,職員,臨時,FALSE,P!KFP1jl(O,FALSE,2025-07-10 07:31:05
188,36911,教務部,岡本 零,07-8568-2584,職員,臨時,FALSE,b#t*+4Xf7z,FALSE,2025-07-10 07:31:05
189,37168,教務部,井上 京助,86-1945-8192,職員,専任,FALSE,7T#61QIf1@,FALSE,2025-07-10 07:31:05
190,T123378,情報応用工学科,井上 浩,080-0525-5542,学生,,FALSE,!PQ1ZXPeu@,FALSE,2025-07-10 07:31:05
191,T125332,情報応用工学科,田中 修平,070-1890-1807,学生,,FALSE,Y_un3EKe0&,FALSE,2025-07-10 07:31:05
192,T123166,情報応用工学科,高橋 結衣,080-5396-7569,学生,,FALSE,#)r7GiX$1*,FALSE,2025-07-10 07:31:05
193,T122551,機械電子工学科,高橋 舞,53-0860-3017,学生,,FALSE,_gk6#MadT8,FALSE,2025-07-10 07:31:05
194,T125376,情報応用工学科,橋本 稔,62-1532-6556,学生,,FALSE,4FhA6RYm)f,FALSE,2025-07-10 07:31:05
195,T122465,情報応用工学科,池田 和也,080-9551-9507,学生,,FALSE,ut9EGO!wu%,FALSE,2025-07-10 07:31:05
196,T122560,情報応用工学科,遠藤 淳,070-9383-0759,学生,,FALSE,!a257GqeRv,FALSE,2025-07-10 07:31:05
197,T123508,情報応用工学科,山田 淳,080-6380-6948,学生,,FALSE,D68Dua_N!%,FALSE,2025-07-10 07:31:05
198,T124492,機械電子工学科,吉田 康弘,080-0195-6166,学生,,FALSE,yk2KlSacV!,FALSE,2025-07-10 07:31:05
199,T122064,情報応用工学科,田中 美加子,070-4653-2655,学生,,FALSE,)717WFSo!U,FALSE,2025-07-10 07:31:05
200,T123120,情報応用工学科,後藤 陽子,090-1547-6032,学生,,FALSE,)10ZKaTglW,FALSE,2025-07-10 07:31:05
201,26623,財務部,山田 直子,84-3346-5139,職員,臨時,FALSE,a)0mPSwuvf,FALSE,2025-07-10 07:31:05
202,T122484,情報応用工学科,石川 春香,79-8836-3790,学生,,FALSE,W1tYlB9f#t,FALSE,2025-07-10 07:31:05
203,T124018,機械電子工学科,渡辺 治,080-0594-1747,学生,,FALSE,7V_vOQf($q,FALSE,2025-07-10 07:31:05
204,T125297,機械電子工学科,清水 あすか,080-1283-5806,学生,,FALSE,^7yXPdMbJs,FALSE,2025-07-10 07:31:05
205,77312,教務部,山田 修平,070-7398-3332,職員,嘱託,FALSE,eUoB!5Diz6,FALSE,2025-07-10 07:31:05
206,T124137,情報応用工学科,池田 直子,090-6350-7271,学生,,FALSE,*s67tJwO4D,FALSE,2025-07-10 07:31:05
207,90673,教務部,山口 千代,080-4347-7613,職員,臨時,FALSE,n@W1XD@qso,FALSE,2025-07-10 07:31:05
208,T125322,機械電子工学科,松本 美加子,090-2511-0215,学生,,FALSE,x94Sbtl_G(,FALSE,2025-07-10 07:31:05
209,70074,教務部,長谷川 七夏,59-0944-8827,教員,専任,FALSE,9L%7BBHamm,FALSE,2025-07-10 07:31:05
210,T124030,機械電子工学科,山本 くみ子,070-7392-5910,学生,,FALSE,CE2aZ1dp_6,FALSE,2025-07-10 07:31:05
211,65908,教務部,小林 亮介,97-8448-0512,職員,嘱託,FALSE,b1Z7nu^E+n,FALSE,2025-07-10 07:31:05
212,T125024,機械電子工学科,松田 あすか,070-0480-8661,学生,,FALSE,$%oJKmV14z,FALSE,2025-07-10 07:31:05
213,19637,教務部,岡田 陽子,72-0483-0069,教員,特任,FALSE,+yU$G)GM7w,FALSE,2025-07-10 07:31:05
214,T124579,情報応用工学科,三浦 知実,090-4101-2226,学生,,FALSE,80XS__Hq@H,FALSE,2025-07-10 07:31:05
215,T122275,情報応用工学科,鈴木 さゆり,28-6153-9855,学生,,FALSE,f@z%2Igupw,FALSE,2025-07-10 07:31:05
216,46068,財務部,高橋 春香,080-8479-0416,教員,特任,FALSE,m7UD8go$*^,FALSE,2025-07-10 07:31:05
217,T124535,機械電子工学科,中村 春香,080-6372-1200,学生,,FALSE,8Z@AWFyj+b,FALSE,2025-07-10 07:31:05
218,T123921,機械電子工学科,小林 太一,090-7987-9621,学生,,FALSE,)$7W267fvl,FALSE,2025-07-10 07:31:05
219,23007,教務部,遠藤 拓真,070-5246-6454,教員,非常勤,FALSE,9+1UH^f7NT,FALSE,2025-07-10 07:31:05
220,T124771,情報応用工学科,松田 裕太,03-9072-6325,学生,,FALSE,3jk0SBGeB%,FALSE,2025-07-10 07:31:05
221,T123815,機械電子工学科,斎藤 真綾,080-8061-2179,学生,,FALSE,aJkA6XCyS#,FALSE,2025-07-10 07:31:05
222,T125785,情報応用工学科,高橋 稔,080-5225-5512,学生,,FALSE,@%9VSYsyuq,FALSE,2025-07-10 07:31:05
223,T123744,機械電子工学科,田中 修平,080-7968-4006,学生,,FALSE,M4BsrdO0#l,FALSE,2025-07-10 07:31:05
224,T125524,機械電子工学科,伊藤 稔,080-6407-0557,学生,,FALSE,85(6XYaMFM,FALSE,2025-07-10 07:31:05
225,62296,財務部,前田 香織,080-8656-7045,職員,臨時,FALSE,_4N*$eZieC,FALSE,2025-07-10 07:31:05
226,T122402,機械電子工学科,鈴木 直子,070-2010-2450,学生,,FALSE,dXNdp0zwR*,FALSE,2025-07-10 07:31:05
227,T123803,機械電子工学科,佐藤 くみ子,17-0028-2773,学生,,FALSE,pQG*3aWp30,FALSE,2025-07-10 07:31:05
228,T124837,機械電子工学科,山本 さゆり,070-3965-4147,学生,,FALSE,in4%dLzKA%,FALSE,2025-07-10 07:31:05
229,59092,教務部,石川 花子,070-4362-4963,職員,臨時,FALSE,(CT$#9Fyjm,FALSE,2025-07-10 07:31:05
230,T125937,機械電子工学科,森 舞,090-9089-7597,学生,,FALSE,1fXeixGF+7,FALSE,2025-07-10 07:31:05
231,T122281,情報応用工学科,山本 春香,54-4381-4555,学生,,FALSE,!P5#lCIIv1,FALSE,2025-07-10 07:31:05
232,21194,教務部,中川 直樹,90-0357-7578,職員,嘱託,FALSE,a)1Tkqx8l),FALSE,2025-07-10 07:31:05
233,T122411,機械電子工学科,岡田 浩,090-3517-1202,学生,,FALSE,%Kw6CQoul9,FALSE,2025-07-10 07:31:05
234,T125460,情報応用工学科,林 知実,080-5261-1481,学生,,FALSE,0NCax0ec)h,FALSE,2025-07-10 07:31:05
235,82978,教務部,吉田 裕美子,070-3694-5617,教員,非常勤,FALSE,x58W%q4NO(,FALSE,2025-07-10 07:31:05
236,T124390,機械電子工学科,坂本 くみ子,090-2852-3376,学生,,FALSE,0y638pNe&L,FALSE,2025-07-10 07:31:05
237,97889,教務部,山田 翼,090-8033-6657,教員,特任,FALSE,&PPyaI47E4,FALSE,2025-07-10 07:31:05
238,T123496,機械電子工学科,吉田 花子,090-2189-0476,学生,,FALSE,+H1@D2Ex_0,FALSE,2025-07-10 07:31:05
239,T125709,情報応用工学科,佐藤 舞,080-4090-5430,学生,,FALSE,V+20Y_xn5C,FALSE,2025-07-10 07:31:05
240,T123222,機械電子工学科,山口 美加子,070-7581-9597,学生,,FALSE,V^NEF$%t&8,FALSE,2025-07-10 07:31:05
241,56122,教務部,山田 幹,23-4515-9088,教員,非常勤,FALSE,t9cAJr5e#Y,FALSE,2025-07-10 07:31:05
242,76557,教務部,伊藤 充,070-3755-7986,職員,専任,FALSE,P747VoK94(,FALSE,2025-07-10 07:31:05
243,T124805,機械電子工学科,木村 幹,070-8742-4668,学生,,FALSE,!vSwl*tiJ4,FALSE,2025-07-10 07:31:05
244,T122954,情報応用工学科,山本 淳,25-4456-7008,学生,,FALSE,i@#k7WCrfl,FALSE,2025-07-10 07:31:05
245,T123484,機械電子工学科,加藤 健一,070-0055-5683,学生,,FALSE,!ttGLFaTv3,FALSE,2025-07-10 07:31:05
246,T122495,機械電子工学科,長谷川 幹,070-4789-9552,学生,,FALSE,ft7FcJD*t),FALSE,2025-07-10 07:31:05
247,T124450,情報応用工学科,森 明美,090-5151-6998,学生,,FALSE,wf(Nychd(2,FALSE,2025-07-10 07:31:05
248,T125448,機械電子工学科,渡辺 幹,090-6252-1258,学生,,FALSE,h#T9ITSmd(,FALSE,2025-07-10 07:31:05
249,T125620,情報応用工学科,佐々木 七夏,090-2694-9305,学生,,FALSE,m5XMQZ&x&r,FALSE,2025-07-10 07:31:05
250,T124601,機械電子工学科,石井 稔,15-5931-5474,学生,,FALSE,A)5T2(2tPj,FALSE,2025-07-10 07:31:05
251,T122119,情報応用工学科,石川 亮介,36-9087-3774,学生,,FALSE,+*pH2Kp1y@,FALSE,2025-07-10 07:31:05
252,T123163,機械電子工学科,高橋 智也,080-7075-3185,学生,,FALSE,jJlcXdXB*1,FALSE,2025-07-10 07:31:05
253,T125949,機械電子工学科,小林 治,67-2232-5649,学生,,FALSE,^87S5%Iqhf,FALSE,2025-07-10 07:31:05
254,T123491,情報応用工学科,福田 太一,39-0621-7678,学生,,FALSE,#rRnQq$D5u,FALSE,2025-07-10 07:31:05
255,T122777,情報応用工学科,鈴木 学,090-7640-7894,学生,,FALSE,W1Z8(OvaY$,FALSE,2025-07-10 07:31:05
256,T124420,機械電子工学科,山下 千代,070-9844-4830,学生,,FALSE,kK#6Z0hm0c,FALSE,2025-07-10 07:31:05
257,T122295,情報応用工学科,佐藤 あすか,090-0564-5811,学生,,FALSE,EnpH39lM*7,FALSE,2025-07-10 07:31:05
258,T125176,情報応用工学科,井上 あすか,090-5494-7039,学生,,FALSE,_(9QPe6Z!%,FALSE,2025-07-10 07:31:05
259,22035,教務部,岡本 洋介,080-2858-5418,教員,特任,FALSE,LIZ8LduC^*,FALSE,2025-07-10 07:31:05
260,T123783,機械電子工学科,青木 知実,96-8402-7942,学生,,FALSE,(r3CkW1qhG,FALSE,2025-07-10 07:31:05
261,54714,教務部,岡本 知実,080-9122-8213,教員,特任,FALSE,0zsDTqxx^7,FALSE,2025-07-10 07:31:05
262,T123327,機械電子工学科,伊藤 春香,29-0692-3545,学生,,FALSE,)7V18MhYgG,FALSE,2025-07-10 07:31:05
263,84455,教務部,山口 花子,080-5195-5515,教員,専任,FALSE,*WLqRu(mI4,FALSE,2025-07-10 07:31:05
264,T122670,情報応用工学科,山崎 七夏,15-2587-8013,学生,,FALSE,$1Z7Zu^Nwe,FALSE,2025-07-10 07:31:05
265,T125235,情報応用工学科,佐藤 陽子,60-7040-7655,学生,,FALSE,H%7hTFn^XD,FALSE,2025-07-10 07:31:05
266,98414,教務部,小川 充,080-5087-7710,教員,特任,FALSE,6RE9nAlg*$,FALSE,2025-07-10 07:31:05
267,T123892,機械電子工学科,森 幹,12-1967-1196,学生,,FALSE,R&2DIu%I^p,FALSE,2025-07-10 07:31:05
268,T124083,機械電子工学科,阿部 治,070-7242-1938,学生,,FALSE,)VS%fWE*08,FALSE,2025-07-10 07:31:05
269,64331,財務部,田中 七夏,090-6320-8515,職員,専任,FALSE,E1g5Zl6$)e,FALSE,2025-07-10 07:31:05
270,T125240,情報応用工学科,鈴木 直樹,070-5865-9394,学生,,FALSE,^I7FpfYi&Y,FALSE,2025-07-10 07:31:05
271,T123470,機械電子工学科,松本 聡太郎,64-5304-1284,学生,,FALSE,u(2YVwYaRi,FALSE,2025-07-10 07:31:05
272,T122478,機械電子工学科,小林 七夏,76-4737-6391,学生,,FALSE,X@9Owwjy!C,FALSE,2025-07-10 07:31:05
273,T124917,機械電子工学科,伊藤 里佳,72-2333-1171,学生,,FALSE,Uq+$3RZyz7,FALSE,2025-07-10 07:31:05
274,T124261,機械電子工学科,坂本 春香,77-0109-5011,学生,,FALSE,yzg9PcfKH%,FALSE,2025-07-10 07:31:05
275,T122191,情報応用工学科,渡辺 花子,72-9224-8707,学生,,FALSE,6R+OIAJj!k,FALSE,2025-07-10 07:31:05
276,T123685,情報応用工学科,山下 稔,070-4922-3436,学生,,FALSE,dP$V7Gz&Yz,FALSE,2025-07-10 07:31:05
277,T122031,情報応用工学科,藤原 修平,090-3605-3103,学生,,FALSE,iGTcJ^q6!6,FALSE,2025-07-10 07:31:05
278,T123289,情報応用工学科,中島 洋介,090-7809-5688,学生,,FALSE,qd6)KqSc%9,FALSE,2025-07-10 07:31:05
279,T125301,情報応用工学科,小林 結衣,95-2451-6854,学生,,FALSE,_vOj0b8m6u,FALSE,2025-07-10 07:31:05
280,T125287,機械電子工学科,木村 さゆり,090-4063-8023,学生,,FALSE,%GfzI7Ub&7,FALSE,2025-07-10 07:31:05
281,T123240,機械電子工学科,吉田 七夏,070-7788-3111,学生,,FALSE,r(8GPxrVVJ,FALSE,2025-07-10 07:31:05
282,T122523,情報応用工学科,鈴木 千代,46-6168-2219,学生,,FALSE,&VN8AaH^w%,FALSE,2025-07-10 07:31:05
283,T124144,機械電子工学科,吉田 京助,080-2228-4991,学生,,FALSE,4aUEmMiv$6,FALSE,2025-07-10 07:31:05
284,T122759,情報応用工学科,松本 充,090-3165-6127,学生,,FALSE,+0R*v47_FO,FALSE,2025-07-10 07:31:05
285,T123628,情報応用工学科,藤井 稔,080-3870-8880,学生,,FALSE,!1oZYa%ntj,FALSE,2025-07-10 07:31:05
286,75622,財務部,西村 充,57-5790-2798,教員,専任,FALSE,55zLtEzW*1,FALSE,2025-07-10 07:31:05
287,T123700,情報応用工学科,坂本 陽一,87-8257-7382,学生,,FALSE,!18lW*u8T6,FALSE,2025-07-10 07:31:05
288,T123874,情報応用工学科,中村 浩,070-8946-9402,学生,,FALSE,w@F3MsXCb_,FALSE,2025-07-10 07:31:05
289,70310,教務部,佐藤 桃子,18-6406-6079,職員,嘱託,FALSE,U*0kD1vrZ7,FALSE,2025-07-10 07:31:05
290,85529,財務部,鈴木 幹,070-5380-3336,教員,非常勤,FALSE,+eXRsUAhx2,FALSE,2025-07-10 07:31:05
291,T123732,機械電子工学科,佐藤 花子,25-6571-4161,学生,,FALSE,^A+PzvsY&6,FALSE,2025-07-10 07:31:05
292,T123243,情報応用工学科,佐藤 太一,080-8676-5041,学生,,FALSE,14&@WWzt(U,FALSE,2025-07-10 07:31:05
293,T123737,情報応用工学科,田中 千代,66-8820-9351,学生,,FALSE,%UtWLlSHe5,FALSE,2025-07-10 07:31:05
294,T123392,情報応用工学科,松本 知実,070-5089-8449,学生,,FALSE,s7CNgrdp&j,FALSE,2025-07-10 07:31:05
295,T125464,機械電子工学科,小林 陽一,070-3099-4708,学生,,FALSE,_BKH0xWg*4,FALSE,2025-07-10 07:31:05
296,57464,教務部,中村 七夏,090-3499-9992,教員,特任,FALSE,Se&wSD#l@6,FALSE,2025-07-10 07:31:05
297,T125658,情報応用工学科,山崎 翔太,03-2042-3432,学生,,FALSE,z(YS(eM9&j,FALSE,2025-07-10 07:31:05
298,T123045,機械電子工学科,山本 美加子,70-3964-3581,学生,,FALSE,s7lDsIFY%&,FALSE,2025-07-10 07:31:05
299,T124546,機械電子工学科,鈴木 知実,81-4827-8737,学生,,FALSE,@6Ufpy4pAo,FALSE,2025-07-10 07:31:05
300,T124266,情報応用工学科,前田 舞,080-7999-2308,学生,,FALSE,)o_eAFj7m6,FALSE,2025-07-10 07:31:05
301,T123698,機械電子工学科,高橋 拓真,090-3748-4447,学生,,FALSE,H&UT+0Gmax,FALSE,2025-07-10 07:31:05
302,T125224,機械電子工学科,山口 直子,68-0123-8744,学生,,FALSE,e@822pKrdp,FALSE,2025-07-10 07:31:05
303,T122953,機械電子工学科,中村 英樹,080-4380-5229,学生,,FALSE,C!25%GkjXG,FALSE,2025-07-10 07:31:05
304,T125372,情報応用工学科,田中 充,070-7409-1027,学生,,FALSE,XDw3ufYf+z,FALSE,2025-07-10 07:31:05
305,T122325,情報応用工学科,松本 晃,070-3757-7752,学生,,FALSE,^L%4iJGbyG,FALSE,2025-07-10 07:31:05
306,79605,教務部,伊藤 真綾,070-7310-5812,教員,特任,FALSE,!f2iSwLh4L,FALSE,2025-07-10 07:31:05
307,T123512,情報応用工学科,太田 直樹,16-5079-5373,学生,,FALSE,*7KEIk($M5,FALSE,2025-07-10 07:31:05
308,40990,教務部,鈴木 美加子,080-8630-0310,教員,専任,FALSE,Kw4B#Tv0g),FALSE,2025-07-10 07:31:05
309,T123101,情報応用工学科,鈴木 浩,18-5302-7815,学生,,FALSE,pc(T8OKr)T,FALSE,2025-07-10 07:31:05
310,T122751,情報応用工学科,三浦 稔,070-6388-3340,学生,,FALSE,t$79Xemm#i,FALSE,2025-07-10 07:31:05
311,T125292,情報応用工学科,阿部 里佳,080-2790-9098,学生,,FALSE,MFwyH6Wi)3,FALSE,2025-07-10 07:31:05
312,T122768,機械電子工学科,石井 結衣,090-6507-3152,学生,,FALSE,8!+1GloB%u,FALSE,2025-07-10 07:31:05
313,T124014,機械電子工学科,佐藤 くみ子,090-3798-9943,学生,,FALSE,@cX83cruW6,FALSE,2025-07-10 07:31:05
314,99361,財務部,伊藤 春香,070-0740-9416,教員,非常勤,FALSE,*T3RfyMj7w,FALSE,2025-07-10 07:31:05
315,T123361,情報応用工学科,斉藤 明美,070-7513-9948,学生,,FALSE,a(Fa7EIl_E,FALSE,2025-07-10 07:31:05
316,67690,教務部,三浦 康弘,070-9130-7193,職員,嘱託,FALSE,z6eEAycB(6,FALSE,2025-07-10 07:31:05
317,T123918,機械電子工学科,中川 陽一,22-8196-2569,学生,,FALSE,_d2Ola9cie,FALSE,2025-07-10 07:31:05
318,46028,教務部,小川 直樹,070-4738-4434,職員,嘱託,FALSE,(G3$m4NrqS,FALSE,2025-07-10 07:31:05
319,T124206,情報応用工学科,藤井 香織,40-0771-6359,学生,,FALSE,Le*9BUpxZV,FALSE,2025-07-10 07:31:05
320,T123338,機械電子工学科,山本 さゆり,48-3443-6901,学生,,FALSE,85W2kc0U(0,FALSE,2025-07-10 07:31:05
321,T123967,情報応用工学科,遠藤 七夏,080-1065-1760,学生,,FALSE,!m4fPxwld8,FALSE,2025-07-10 07:31:05
322,17461,財務部,池田 香織,070-0122-0127,職員,嘱託,FALSE,PA5vI7TeO),FALSE,2025-07-10 07:31:05
323,20064,教務部,山下 七夏,070-4818-4727,教員,非常勤,FALSE,jt6Ot89gO^,FALSE,2025-07-10 07:31:05
324,T124583,機械電子工学科,中村 加奈,78-5736-3969,学生,,FALSE,+AKC8YBdz+,FALSE,2025-07-10 07:31:05
325,T124013,情報応用工学科,田中 陽子,070-7279-4714,学生,,FALSE,%01NGby*%o,FALSE,2025-07-10 07:31:05
326,T123957,情報応用工学科,松本 直人,090-2484-8419,学生,,FALSE,kJ5_Zspl^!,FALSE,2025-07-10 07:31:05
327,52180,財務部,石井 太郎,090-0463-6375,教員,非常勤,FALSE,@cb8BokZ_C,FALSE,2025-07-10 07:31:05
328,T122654,情報応用工学科,山口 聡太郎,57-9939-2957,学生,,FALSE,%Ws4wfK97b,FALSE,2025-07-10 07:31:05
329,69105,教務部,中島 健一,18-1596-1281,職員,嘱託,FALSE,*@6MMAIbPS,FALSE,2025-07-10 07:31:05
330,T125106,情報応用工学科,高橋 結衣,36-7811-1373,学生,,FALSE,+W214VKg8@,FALSE,2025-07-10 07:31:05
331,T124199,情報応用工学科,山田 里佳,090-6649-1744,学生,,FALSE,f3IO4J6w%X,FALSE,2025-07-10 07:31:05
332,T122166,情報応用工学科,近藤 智也,080-0964-2722,学生,,FALSE,x5!PA3*a!1,FALSE,2025-07-10 07:31:05
333,67431,財務部,鈴木 太一,090-5626-8277,教員,非常勤,FALSE,J7Q%L!Bh#&,FALSE,2025-07-10 07:31:05
334,T124281,情報応用工学科,小林 直子,83-2611-8357,学生,,FALSE,e3m1J_Rx#H,FALSE,2025-07-10 07:31:05
335,57738,財務部,加藤 美加子,080-6190-2661,職員,嘱託,FALSE,6@nAaG*(*X,FALSE,2025-07-10 07:31:05
336,60824,財務部,松田 花子,090-6540-7808,職員,嘱託,FALSE,X83rV8qu*k,FALSE,2025-07-10 07:31:05
337,T124960,情報応用工学科,加藤 真綾,49-4960-5081,学生,,FALSE,&!1fJCn0QO,FALSE,2025-07-10 07:31:05
338,T125437,機械電子工学科,清水 洋介,090-8210-8960,学生,,FALSE,V2(Hty)u*f,FALSE,2025-07-10 07:31:05
339,T122280,機械電子工学科,村上 美加子,080-5035-2248,学生,,FALSE,$C3WCkOjl$,FALSE,2025-07-10 07:31:05
340,T122410,機械電子工学科,佐藤 七夏,090-0545-4248,学生,,FALSE,6$r$Cdn*^7,FALSE,2025-07-10 07:31:05
341,T123230,機械電子工学科,佐藤 和也,070-9238-2686,学生,,FALSE,&32fNuWzSZ,FALSE,2025-07-10 07:31:05
342,T125156,情報応用工学科,青木 幹,090-5443-3362,学生,,FALSE,_pUqRwZ5q6,FALSE,2025-07-10 07:31:05
343,T123444,情報応用工学科,鈴木 英樹,73-5333-5028,学生,,FALSE,y*!A8HTzmS,FALSE,2025-07-10 07:31:05
344,T124544,情報応用工学科,石井 健一,080-6863-4202,学生,,FALSE,^#4cJip9F7,FALSE,2025-07-10 07:31:05
345,T123518,機械電子工学科,山田 充,070-6947-4098,学生,,FALSE,ueV9mv4H_3,FALSE,2025-07-10 07:31:05
346,T124871,機械電子工学科,鈴木 舞,080-1329-1190,学生,,FALSE,@a@uAnTBz2,FALSE,2025-07-10 07:31:05
347,T122567,情報応用工学科,佐藤 翔太,080-6100-3528,学生,,FALSE,!M3jAUnisp,FALSE,2025-07-10 07:31:05
348,T123342,機械電子工学科,橋本 千代,070-4090-8481,学生,,FALSE,hqD+FTkt#1,FALSE,2025-07-10 07:31:05
349,T124817,機械電子工学科,鈴木 稔,090-8814-1504,学生,,FALSE,t3QO+i0r*i,FALSE,2025-07-10 07:31:05
350,26766,教務部,中島 裕美子,070-6389-8780,教員,非常勤,FALSE,wDT9GILr!J,FALSE,2025-07-10 07:31:05
351,97971,財務部,山田 春香,070-6933-6209,職員,臨時,FALSE,7lG4Lnf5Y@,FALSE,2025-07-10 07:31:05
352,T123571,情報応用工学科,小林 知実,070-7408-8454,学生,,FALSE,1yAByyH6%2,FALSE,2025-07-10 07:31:05
353,57569,財務部,阿部 晃,070-9005-1231,教員,専任,FALSE,a*3@sJTitV,FALSE,2025-07-10 07:31:05
354,T122930,機械電子工学科,小林 千代,080-3701-4317,学生,,FALSE,42JY9EA**i,FALSE,2025-07-10 07:31:05
355,T125353,機械電子工学科,岡田 あすか,090-8545-4982,学生,,FALSE,_samlJh6y4,FALSE,2025-07-10 07:31:05
356,T122838,情報応用工学科,松本 篤司,070-6608-3123,学生,,FALSE,!6M@nH+#_6,FALSE,2025-07-10 07:31:05
357,28048,教務部,池田 真綾,070-2464-4792,教員,専任,FALSE,@*5UnhWdPA,FALSE,2025-07-10 07:31:05
358,48809,教務部,山田 香織,070-3532-6014,職員,臨時,FALSE,w15JVw1+1&,FALSE,2025-07-10 07:31:05
359,T125375,情報応用工学科,青木 浩,080-7970-2962,学生,,FALSE,L32pAKhvL%,FALSE,2025-07-10 07:31:05
360,T124903,機械電子工学科,田中 春香,080-8800-0706,学生,,FALSE,K$o5FSMj+V,FALSE,2025-07-10 07:31:05
361,91092,教務部,鈴木 春香,090-9853-6278,職員,臨時,FALSE,%S92kRlQ9#,FALSE,2025-07-10 07:31:05
362,T123638,情報応用工学科,小林 篤司,090-4550-9124,学生,,FALSE,d^f7NgL(Wu,FALSE,2025-07-10 07:31:05
363,T122710,情報応用工学科,井上 翼,080-9054-3053,学生,,FALSE,M0fs^Y5D_s,FALSE,2025-07-10 07:31:05
364,T125652,情報応用工学科,小林 里佳,080-5344-1130,学生,,FALSE,v1jv7bXde_,FALSE,2025-07-10 07:31:05
365,T125159,機械電子工学科,青木 零,080-6751-9670,学生,,FALSE,swf37DiVX^,FALSE,2025-07-10 07:31:05
366,15729,財務部,斎藤 和也,090-5535-3796,教員,特任,FALSE,o^1X^qCmCr,FALSE,2025-07-10 07:31:05
367,98752,教務部,藤田 春香,090-6128-4847,職員,嘱託,FALSE,pY3_Qv(k^5,FALSE,2025-07-10 07:31:05
368,T124679,機械電子工学科,小川 英樹,93-2331-8732,学生,,FALSE,%1C$WvlFAa,FALSE,2025-07-10 07:31:05
369,68904,教務部,中村 くみ子,070-5452-7888,職員,臨時,FALSE,^qL*j#po5C,FALSE,2025-07-10 07:31:05
370,41377,財務部,渡辺 浩,070-1499-4748,教員,特任,FALSE,(dK6OWvHM+,FALSE,2025-07-10 07:31:05
371,T125966,情報応用工学科,高橋 美加子,090-7778-4912,学生,,FALSE,(kC^fe4c4+,FALSE,2025-07-10 07:31:05
372,58262,財務部,岡田 舞,090-7124-3283,職員,嘱託,FALSE,_7CVJqCe_#,FALSE,2025-07-10 07:31:05
373,T125374,機械電子工学科,太田 太郎,72-5588-3236,学生,,FALSE,^XjI(QjU60,FALSE,2025-07-10 07:31:05
374,60104,財務部,高橋 結衣,090-6233-4243,職員,専任,FALSE,$g4Ug77k$f,FALSE,2025-07-10 07:31:05
375,T125590,情報応用工学科,山田 千代,63-3678-3636,学生,,FALSE,flPTfU&0(4,FALSE,2025-07-10 07:31:05
376,89343,教務部,青木 充,55-1738-7032,職員,嘱託,FALSE,%J(NaROq65,FALSE,2025-07-10 07:31:05
377,16845,財務部,坂本 涼平,49-5855-9816,職員,嘱託,FALSE,K_KmJ8Jx6N,FALSE,2025-07-10 07:31:05
378,T124430,情報応用工学科,佐藤 真綾,070-4789-9689,学生,,FALSE,95OfaUGU!q,FALSE,2025-07-10 07:31:05
379,T125117,情報応用工学科,伊藤 香織,96-6606-1346,学生,,FALSE,)t5O5Zgl3a,FALSE,2025-07-10 07:31:05
380,47398,教務部,高橋 陽一,03-0248-6892,教員,専任,FALSE,#z%1Sm_e($,FALSE,2025-07-10 07:31:05
381,45788,財務部,前田 京助,080-2057-5525,職員,臨時,FALSE,+5Sdubivfv,FALSE,2025-07-10 07:31:05
382,T122644,機械電子工学科,加藤 さゆり,070-3485-7408,学生,,FALSE,$5WshDvbm3,FALSE,2025-07-10 07:31:05
383,T122396,情報応用工学科,中村 さゆり,070-9544-2380,学生,,FALSE,A7VIfc8n(l,FALSE,2025-07-10 07:31:05
384,T125596,機械電子工学科,吉田 香織,090-6152-0973,学生,,FALSE,iyWsZ3Nb(8,FALSE,2025-07-10 07:31:05
385,55867,教務部,田中 花子,080-4304-7672,職員,嘱託,FALSE,cP&9QrytKF,FALSE,2025-07-10 07:31:05
386,T122228,機械電子工学科,山本 零,68-9607-1522,学生,,FALSE,%@lhJ!Y3i2,FALSE,2025-07-10 07:31:05
387,T124207,機械電子工学科,鈴木 七夏,070-4310-4258,学生,,FALSE,2e3xTwjzJ*,FALSE,2025-07-10 07:31:05
388,T123028,機械電子工学科,林 和也,070-0057-6838,学生,,FALSE,Kin6EPz6(s,FALSE,2025-07-10 07:31:05
389,T122351,機械電子工学科,吉田 篤司,080-0076-5822,学生,,FALSE,L7F9RXWf#L,FALSE,2025-07-10 07:31:05
390,T122982,情報応用工学科,山本 舞,070-2551-1391,学生,,FALSE,@V0X7Hyx_I,FALSE,2025-07-10 07:31:05
391,T123391,情報応用工学科,高橋 智也,080-0268-7201,学生,,FALSE,WYO4RJb2+9,FALSE,2025-07-10 07:31:05
392,95294,財務部,橋本 修平,080-5129-2276,職員,専任,FALSE,%kKtYNnt04,FALSE,2025-07-10 07:31:05
393,T122607,情報応用工学科,藤原 真綾,08-2125-3279,学生,,FALSE,_5RbEb%FZ$,FALSE,2025-07-10 07:31:05
394,T123256,機械電子工学科,小林 明美,070-6541-8221,学生,,FALSE,vX05I+at_s,FALSE,2025-07-10 07:31:05
395,T125062,情報応用工学科,佐藤 翼,89-9855-9086,学生,,FALSE,a6%rY6lA_I,FALSE,2025-07-10 07:31:05
396,T125341,機械電子工学科,後藤 千代,80-2437-5489,学生,,FALSE,!i5ZxToQ7Y,FALSE,2025-07-10 07:31:05
397,T123978,情報応用工学科,岡田 治,070-1511-9711,学生,,FALSE,5$5$uBOisk,FALSE,2025-07-10 07:31:05
398,T125994,情報応用工学科,吉田 くみ子,080-0580-5527,学生,,FALSE,y*)!8Omia2,FALSE,2025-07-10 07:31:05
399,T122079,機械電子工学科,伊藤 充,070-3687-1789,学生,,FALSE,fVC5ZpoE)y,FALSE,2025-07-10 07:31:05
400,38294,教務部,井上 学,090-3124-6228,職員,臨時,FALSE,yR5KrdypE@,FALSE,2025-07-10 07:31:05
401,89902,財務部,伊藤 稔,090-2254-7819,職員,専任,FALSE,+9Au8aun7e,FALSE,2025-07-10 07:31:05
402,T125422,機械電子工学科,三浦 春香,080-6811-5618,学生,,FALSE,xqeg7X^z**,FALSE,2025-07-10 07:31:05
403,T123042,機械電子工学科,松本 花子,070-1697-9477,学生,,FALSE,l09*Gg+i$6,FALSE,2025-07-10 07:31:05
404,T122540,情報応用工学科,佐藤 和也,95-3824-8209,学生,,FALSE,y*Z7KiTwN!,FALSE,2025-07-10 07:31:05
405,41282,財務部,小林 洋介,080-7872-5328,職員,臨時,FALSE,#+oI+G8pU9,FALSE,2025-07-10 07:31:05
406,T125506,機械電子工学科,小川 治,090-0740-3017,学生,,FALSE,Sx1TqeKzN),FALSE,2025-07-10 07:31:05
407,T122269,情報応用工学科,渡辺 亮介,070-8343-9351,学生,,FALSE,6)6HnQqb*L,FALSE,2025-07-10 07:31:05
408,T125702,機械電子工学科,山本 幹,91-4668-4919,学生,,FALSE,g)R5TStfa@,FALSE,2025-07-10 07:31:05
409,88308,教務部,坂本 七夏,090-7743-9305,職員,臨時,FALSE,_$IcNyr7q8,FALSE,2025-07-10 07:31:05
410,T124277,情報応用工学科,村上 翔太,70-9548-7027,学生,,FALSE,i#J5x3Gh(X,FALSE,2025-07-10 07:31:05
411,T125171,情報応用工学科,林 千代,090-7934-3697,学生,,FALSE,GIqMIkCb@9,FALSE,2025-07-10 07:31:05
412,T123279,機械電子工学科,後藤 結衣,090-7646-3297,学生,,FALSE,LACy7jRej&,FALSE,2025-07-10 07:31:05
413,10205,財務部,渡辺 篤司,070-5978-8582,職員,専任,FALSE,+Ge95Uxffa,FALSE,2025-07-10 07:31:05
414,T124520,機械電子工学科,斉藤 和也,080-5556-3295,学生,,FALSE,%+6pKtjs)K,FALSE,2025-07-10 07:31:05
415,T122827,情報応用工学科,石川 稔,090-9160-6883,学生,,FALSE,+#51bUjxVJ,FALSE,2025-07-10 07:31:05
416,T124317,機械電子工学科,藤井 くみ子,17-3385-5254,学生,,FALSE,08%8pPThUo,FALSE,2025-07-10 07:31:05
417,T122294,情報応用工学科,斎藤 里佳,080-2093-4966,学生,,FALSE,*9ApKya3W5,FALSE,2025-07-10 07:31:05
418,T123717,機械電子工学科,中島 陽子,080-3230-3968,学生,,FALSE,l_3cf(Xudd,FALSE,2025-07-10 07:31:05
419,T122186,機械電子工学科,坂本 洋介,070-2045-8885,学生,,FALSE,_8KrbJmCdK,FALSE,2025-07-10 07:31:05
420,58986,財務部,三浦 春香,01-4074-4680,教員,非常勤,FALSE,&ISySLKcE0,FALSE,2025-07-10 07:31:05
421,12131,財務部,鈴木 花子,090-6453-0559,職員,専任,FALSE,Zpa^(3Yw@d,FALSE,2025-07-10 07:31:05
422,T123521,情報応用工学科,渡辺 桃子,69-1067-3974,学生,,FALSE,j&1T4Szp!@,FALSE,2025-07-10 07:31:05
423,96241,教務部,井上 稔,080-5154-5961,教員,非常勤,FALSE,@M6%0WTj($,FALSE,2025-07-10 07:31:05
424,T125252,機械電子工学科,石川 翼,070-4642-5941,学生,,FALSE,+7BvquhaUw,FALSE,2025-07-10 07:31:05
425,27508,教務部,山田 洋介,11-3234-4578,教員,特任,FALSE,i&85wO)uXJ,FALSE,2025-07-10 07:31:05
426,T124417,機械電子工学科,田中 裕美子,77-0261-4514,学生,,FALSE,JwXXT_$W!2,FALSE,2025-07-10 07:31:05
427,T125614,情報応用工学科,高橋 洋介,070-6275-3896,学生,,FALSE,23+WJFjw(m,FALSE,2025-07-10 07:31:05
428,99864,財務部,佐藤 直樹,070-6741-0602,教員,非常勤,FALSE,+tg2GtvcP*,FALSE,2025-07-10 07:31:05
429,T124122,情報応用工学科,伊藤 くみ子,86-6506-7574,学生,,FALSE,$K!OAY8r0m,FALSE,2025-07-10 07:31:05
430,T125605,情報応用工学科,松本 浩,070-6699-6138,学生,,FALSE,b(8^X2LbGY,FALSE,2025-07-10 07:31:05
431,T122272,機械電子工学科,鈴木 花子,090-9885-7891,学生,,FALSE,*8o2VyLNJu,FALSE,2025-07-10 07:31:05
432,T122157,機械電子工学科,佐藤 加奈,090-1368-7729,学生,,FALSE,)t0R1+dg_k,FALSE,2025-07-10 07:31:05
433,36451,教務部,佐藤 亮介,99-9877-3834,職員,専任,FALSE,x!9jSK^$Ri,FALSE,2025-07-10 07:31:05
434,T125930,情報応用工学科,佐藤 健一,070-4385-9348,学生,,FALSE,2)$Pf0)K%9,FALSE,2025-07-10 07:31:05
435,51416,財務部,石井 充,090-3235-4415,教員,非常勤,FALSE,$poNhDaAP2,FALSE,2025-07-10 07:31:05
436,T123757,機械電子工学科,後藤 春香,080-9092-0375,学生,,FALSE,*21M5r8u+w,FALSE,2025-07-10 07:31:05
437,T123117,情報応用工学科,森 陽一,080-2911-3154,学生,,FALSE,kf$**6TrCm,FALSE,2025-07-10 07:31:05
438,T125340,情報応用工学科,石井 加奈,090-0831-5795,学生,,FALSE,i2_60Hq2CL,FALSE,2025-07-10 07:31:05
439,47545,財務部,佐藤 七夏,26-1786-4960,職員,専任,FALSE,O1x5cE2o$9,FALSE,2025-07-10 07:31:05
440,T125850,機械電子工学科,藤井 美加子,080-9174-5954,学生,,FALSE,Y^0JOlcHDE,FALSE,2025-07-10 07:31:05
441,T123206,情報応用工学科,藤原 聡太郎,29-6339-8025,学生,,FALSE,fnKH2Lcb+0,FALSE,2025-07-10 07:31:05
442,T125556,機械電子工学科,青木 里佳,080-0803-7721,学生,,FALSE,$&j6IUBs3v,FALSE,2025-07-10 07:31:05
443,T123940,機械電子工学科,山崎 幹,92-1990-5564,学生,,FALSE,od8WYyl*Z*,FALSE,2025-07-10 07:31:05
444,67716,財務部,森 陽一,080-5425-7982,教員,特任,FALSE,Dv8CnNeUu#,FALSE,2025-07-10 07:31:05
445,T122831,機械電子工学科,斉藤 亮介,090-3044-3087,学生,,FALSE,&K9zKds80+,FALSE,2025-07-10 07:31:05
446,T125070,機械電子工学科,鈴木 舞,77-7175-8278,学生,,FALSE,R&u1ZutHFX,FALSE,2025-07-10 07:31:05
447,58209,財務部,高橋 知実,090-5514-3217,職員,専任,FALSE,KC2wsM0sa(,FALSE,2025-07-10 07:31:05
448,65716,教務部,岡本 学,76-4322-5112,職員,嘱託,FALSE,yxHnmOzc*9,FALSE,2025-07-10 07:31:05
449,T124681,情報応用工学科,近藤 零,14-1304-6365,学生,,FALSE,Rv2JrCzN($,FALSE,2025-07-10 07:31:05
450,T124425,機械電子工学科,高橋 英樹,080-9708-4576,学生,,FALSE,b9RA4DfH%3,FALSE,2025-07-10 07:31:05
451,T123420,情報応用工学科,佐藤 裕太,34-5476-8974,学生,,FALSE,A2Nrw8So*r,FALSE,2025-07-10 07:31:05
452,T122350,機械電子工学科,吉田 零,070-5057-9668,学生,,FALSE,(3u0BQem0u,FALSE,2025-07-10 07:31:05
453,96750,財務部,石川 淳,070-4697-5056,職員,嘱託,FALSE,$%kS893pES,FALSE,2025-07-10 07:31:05
454,T123988,機械電子工学科,鈴木 学,070-1842-5593,学生,,FALSE,!ZRmWqIJN2,FALSE,2025-07-10 07:31:05
455,T122742,機械電子工学科,佐藤 桃子,24-7641-9394,学生,,FALSE,*nT_TtopG6,FALSE,2025-07-10 07:31:05
456,T123557,機械電子工学科,長谷川 真綾,090-8196-5310,学生,,FALSE,85sZpfbq_T,FALSE,2025-07-10 07:31:05
457,T122182,機械電子工学科,長谷川 学,00-2075-5929,学生,,FALSE,7%3GfSpFA^,FALSE,2025-07-10 07:31:05
458,T124743,機械電子工学科,中川 翼,080-7282-5477,学生,,FALSE,^4TCN59JKz,FALSE,2025-07-10 07:31:05
459,46026,教務部,斎藤 裕美子,070-2345-3826,教員,専任,FALSE,380mSfQ8@e,FALSE,2025-07-10 07:31:05
460,98099,財務部,石川 舞,46-1054-7453,職員,嘱託,FALSE,OUk#u7ClqJ,FALSE,2025-07-10 07:31:05
461,T124291,情報応用工学科,前田 加奈,080-9907-4444,学生,,FALSE,PhG_lxgQ)2,FALSE,2025-07-10 07:31:05
462,T122131,情報応用工学科,斉藤 明美,05-7680-4782,学生,,FALSE,nkCp5Yjck),FALSE,2025-07-10 07:31:05
463,T125795,機械電子工学科,中村 裕樹,070-5507-4289,学生,,FALSE,)65RQOdk^b,FALSE,2025-07-10 07:31:05
464,T122148,情報応用工学科,中村 直子,070-7296-4063,学生,,FALSE,&t1%BeEY40,FALSE,2025-07-10 07:31:05
465,T122300,情報応用工学科,佐々木 健一,090-6362-3082,学生,,FALSE,&mL#!0R92n,FALSE,2025-07-10 07:31:05
466,T125478,機械電子工学科,橋本 千代,080-6429-1874,学生,,FALSE,7z1hUVlWK_,FALSE,2025-07-10 07:31:05
467,T123609,機械電子工学科,山本 陽子,16-8742-0682,学生,,FALSE,o_dnN3MmoW,FALSE,2025-07-10 07:31:05
468,84450,教務部,林 春香,080-8774-6687,教員,非常勤,FALSE,%J_7Jjdvba,FALSE,2025-07-10 07:31:05
469,T122690,機械電子工学科,田中 稔,88-2687-9457,学生,,FALSE,dZ4JeZEd#e,FALSE,2025-07-10 07:31:05
470,T123649,機械電子工学科,佐藤 直樹,070-4656-0332,学生,,FALSE,TeXVgen(!2,FALSE,2025-07-10 07:31:05
471,68271,教務部,加藤 英樹,080-6123-8652,職員,臨時,FALSE,F65TDRYu&n,FALSE,2025-07-10 07:31:05
472,T122620,機械電子工学科,吉田 淳,070-0760-8605,学生,,FALSE,P!3yMx1o#V,FALSE,2025-07-10 07:31:05
473,T123772,機械電子工学科,長谷川 知実,080-2065-8297,学生,,FALSE,GU@5HaTFAe,FALSE,2025-07-10 07:31:05
474,T124908,機械電子工学科,伊藤 さゆり,93-1902-7624,学生,,FALSE,04JuNvu!+8,FALSE,2025-07-10 07:31:05
475,T123111,情報応用工学科,小林 英樹,070-9417-5857,学生,,FALSE,(+BbQXqxe4,FALSE,2025-07-10 07:31:05
476,13400,教務部,伊藤 修平,090-1576-6327,教員,特任,FALSE,kvFOa+R)#0,FALSE,2025-07-10 07:31:05
477,77957,財務部,山口 花子,99-7081-7862,教員,非常勤,FALSE,LF28W%Dd@*,FALSE,2025-07-10 07:31:05
478,25454,財務部,藤田 学,070-5282-1021,教員,特任,FALSE,^sA7fGVDP9,FALSE,2025-07-10 07:31:05
479,68579,教務部,吉田 明美,090-8513-9079,教員,非常勤,FALSE,!L7Ioa2lvx,FALSE,2025-07-10 07:31:05
480,47477,財務部,加藤 裕樹,070-6560-4719,教員,専任,FALSE,4b8^0ECwoH,FALSE,2025-07-10 07:31:05
481,T122555,情報応用工学科,田中 さゆり,090-7045-0207,学生,,FALSE,uo#1eYmeBX,FALSE,2025-07-10 07:31:05
482,T125824,情報応用工学科,鈴木 花子,070-4372-0426,学生,,FALSE,_MWxu6hX1T,FALSE,2025-07-10 07:31:05
483,69340,教務部,坂本 治,090-7331-8114,職員,臨時,FALSE,9^n5paEl)C,FALSE,2025-07-10 07:31:05
484,T123999,情報応用工学科,山下 美加子,070-4344-2323,学生,,FALSE,_9ZQpznr8Q,FALSE,2025-07-10 07:31:05
485,T125640,機械電子工学科,山崎 直人,43-3523-5504,学生,,FALSE,6w4Htmral#,FALSE,2025-07-10 07:31:05
486,T124989,機械電子工学科,岡田 智也,090-8423-3989,学生,,FALSE,M3r0TtFmD!,FALSE,2025-07-10 07:31:05
487,T125177,情報応用工学科,福田 香織,090-2137-8206,学生,,FALSE,Gxbk)2Um)$,FALSE,2025-07-10 07:31:05
488,82195,財務部,山田 直子,07-0457-0801,職員,嘱託,FALSE,%x10Cas%yH,FALSE,2025-07-10 07:31:05
489,30671,教務部,佐藤 淳,070-1336-8481,職員,嘱託,FALSE,2CWPbpi+_i,FALSE,2025-07-10 07:31:05
490,T124284,情報応用工学科,三浦 翼,080-9649-6876,学生,,FALSE,)6Bi%Jw(gp,FALSE,2025-07-10 07:31:05
491,T122549,情報応用工学科,小川 七夏,070-5620-6587,学生,,FALSE,_#x0*uDu3D,FALSE,2025-07-10 07:31:05
492,T125557,情報応用工学科,中島 春香,60-5389-3694,学生,,FALSE,@z+Nieef$5,FALSE,2025-07-10 07:31:05
493,T123058,機械電子工学科,松田 英樹,02-5106-2149,学生,,FALSE,bL6i!9liE*,FALSE,2025-07-10 07:31:05
494,T122110,機械電子工学科,井上 桃子,070-7304-6945,学生,,FALSE,%E(5KMYk(m,FALSE,2025-07-10 07:31:05
495,T124489,機械電子工学科,斉藤 加奈,070-8039-5867,学生,,FALSE,Z7WDy!36$a,FALSE,2025-07-10 07:31:05
496,T124102,情報応用工学科,村上 明美,090-7500-5366,学生,,FALSE,^GlkRNRpF7,FALSE,2025-07-10 07:31:05
497,T124750,情報応用工学科,田中 七夏,60-3836-0385,学生,,FALSE,1n6UFjvD(N,FALSE,2025-07-10 07:31:05
498,T122293,機械電子工学科,山本 篤司,070-8130-2450,学生,,FALSE,$ybAEna87),FALSE,2025-07-10 07:31:05
499,T123779,機械電子工学科,吉田 裕太,99-0473-1097,学生,,FALSE,+UTsIEQyj2,FALSE,2025-07-10 07:31:05
500,T124364,機械電子工学科,三浦 篤司,070-0843-5223,学生,,FALSE,kO3Oqx*t&),FALSE,2025-07-10 07:31:05
501,63743,教務部,山本 花子,090-5181-4772,職員,専任,FALSE,)6uPi8TzwE,FALSE,2025-07-10 07:31:05
502,T123417,情報応用工学科,中村 直子,080-1566-6660,学生,,FALSE,+3Gj2QFeP6,FALSE,2025-07-10 07:31:05
503,T124029,機械電子工学科,坂本 くみ子,090-3392-6512,学生,,FALSE,B)#4bIhe%*,FALSE,2025-07-10 07:31:05
504,T125054,機械電子工学科,佐藤 直人,090-1115-1970,学生,,FALSE,&6HCaiXjgv,FALSE,2025-07-10 07:31:05
505,T122584,情報応用工学科,岡田 直人,63-8542-3359,学生,,FALSE,#*L26rIr)t,FALSE,2025-07-10 07:31:05
506,T125455,情報応用工学科,山田 加奈,090-9527-7648,学生,,FALSE,Fca8Lkeq^r,FALSE,2025-07-10 07:31:05
507,T123947,情報応用工学科,後藤 桃子,44-9231-5572,学生,,FALSE,hqS7*W2ds+,FALSE,2025-07-10 07:31:05
508,T125751,情報応用工学科,藤田 洋介,090-2527-0639,学生,,FALSE,#0Af3Ssial,FALSE,2025-07-10 07:31:05
509,T124337,情報応用工学科,山田 零,080-0272-7533,学生,,FALSE,!Hx_Z8Fp(k,FALSE,2025-07-10 07:31:05
510,T123359,情報応用工学科,小林 七夏,080-1318-4460,学生,,FALSE,&lxAEIk7!3,FALSE,2025-07-10 07:31:05
511,31258,財務部,松田 修平,090-2176-6418,教員,非常勤,FALSE,*8JwBAa6!f,FALSE,2025-07-10 07:31:05
512,T123011,機械電子工学科,石川 陽子,070-0710-1499,学生,,FALSE,B^(4KKuoq1,FALSE,2025-07-10 07:31:05
513,T124343,機械電子工学科,伊藤 春香,80-4334-8085,学生,,FALSE,^_J@Cdf_y8,FALSE,2025-07-10 07:31:05
514,T125821,情報応用工学科,小林 康弘,090-9140-4545,学生,,FALSE,GS3PIGysU&,FALSE,2025-07-10 07:31:05
515,T123125,情報応用工学科,遠藤 康弘,84-3179-4555,学生,,FALSE,$P0yNcw%8@,FALSE,2025-07-10 07:31:05
516,T124868,機械電子工学科,西村 英樹,070-7657-6767,学生,,FALSE,@MI5xuF2q9,FALSE,2025-07-10 07:31:05
517,T122571,機械電子工学科,山田 康弘,28-7917-4122,学生,,FALSE,Hzu3AEXz_5,FALSE,2025-07-10 07:31:05
518,T124777,情報応用工学科,吉田 陽子,080-6789-4527,学生,,FALSE,9(T90W8r)V,FALSE,2025-07-10 07:31:05
519,T124269,情報応用工学科,井上 加奈,27-6666-9646,学生,,FALSE,n6*YdjX)^7,FALSE,2025-07-10 07:31:05
520,T124676,情報応用工学科,青木 零,24-1111-0700,学生,,FALSE,+#xtX^GqB8,FALSE,2025-07-10 07:31:05
521,32469,財務部,渡辺 浩,080-3815-4477,教員,非常勤,FALSE,Q3JD$M2n(V,FALSE,2025-07-10 07:31:05
522,15405,教務部,伊藤 京助,27-2784-4470,教員,専任,FALSE,kT2HGc7yw^,FALSE,2025-07-10 07:31:05
523,15967,財務部,中村 学,080-0042-0489,職員,臨時,FALSE,dw!e5A^hWI,FALSE,2025-07-10 07:31:05
524,T122948,機械電子工学科,小林 英樹,080-6256-0602,学生,,FALSE,ZJ4kNJa_j),FALSE,2025-07-10 07:31:05
525,T124797,情報応用工学科,鈴木 拓真,090-6206-9134,学生,,FALSE,$z11QYziz*,FALSE,2025-07-10 07:31:05
526,T124249,機械電子工学科,渡辺 里佳,090-9680-7947,学生,,FALSE,^!r8Gx7bul,FALSE,2025-07-10 07:31:05
527,94268,財務部,佐藤 花子,090-6782-3548,職員,嘱託,FALSE,7WI5KkyP$M,FALSE,2025-07-10 07:31:05
528,T123100,機械電子工学科,佐藤 学,56-7153-4128,学生,,FALSE,+W6XGrm@%1,FALSE,2025-07-10 07:31:06
529,T123335,機械電子工学科,山下 知実,12-3065-1305,学生,,FALSE,hT&0yNpfIN,FALSE,2025-07-10 07:31:06
530,19577,教務部,長谷川 直人,070-5169-6742,職員,専任,FALSE,*(aTd5Xeu5,FALSE,2025-07-10 07:31:06
531,67711,財務部,山本 智也,97-4869-1004,職員,嘱託,FALSE,c8LNQb2K_5,FALSE,2025-07-10 07:31:06
532,T124105,情報応用工学科,小林 真綾,080-1906-3229,学生,,FALSE,@Yba&9Mr8z,FALSE,2025-07-10 07:31:06
533,54653,教務部,山口 聡太郎,070-4113-7095,教員,特任,FALSE,#Z7K1XIwOD,FALSE,2025-07-10 07:31:06
534,51916,財務部,小林 健一,080-4336-0505,教員,特任,FALSE,&**ORcLq4t,FALSE,2025-07-10 07:31:06
535,T122597,機械電子工学科,中村 和也,38-3217-2781,学生,,FALSE,+!6RyqGh#7,FALSE,2025-07-10 07:31:06
536,77609,教務部,清水 結衣,070-7948-5752,職員,嘱託,FALSE,11YBmNd#@7,FALSE,2025-07-10 07:31:06
537,T123088,機械電子工学科,松本 陽子,070-3993-1001,学生,,FALSE,Yc7mHyFM$K,FALSE,2025-07-10 07:31:06
538,T122558,機械電子工学科,坂本 充,50-8360-1085,学生,,FALSE,x%)D!0Imnq,FALSE,2025-07-10 07:31:06
539,T124041,情報応用工学科,池田 直人,070-9237-8553,学生,,FALSE,REa20glrh%,FALSE,2025-07-10 07:31:06
540,28494,教務部,佐藤 花子,070-3520-7839,職員,専任,FALSE,&5!r8dLfem,FALSE,2025-07-10 07:31:06
541,T123307,機械電子工学科,中川 七夏,090-7721-4969,学生,,FALSE,_yrMLQjv0%,FALSE,2025-07-10 07:31:06
542,T125918,機械電子工学科,加藤 七夏,54-9146-0975,学生,,FALSE,TJv6LUSiB^,FALSE,2025-07-10 07:31:06
543,T123121,情報応用工学科,伊藤 零,080-8149-4179,学生,,FALSE,)pG9oU*z)5,FALSE,2025-07-10 07:31:06
544,T125697,機械電子工学科,田中 晃,080-0697-4033,学生,,FALSE,0)BOwPQg%e,FALSE,2025-07-10 07:31:06
545,T124625,機械電子工学科,阿部 晃,070-2677-0720,学生,,FALSE,)2BRuEFFZe,FALSE,2025-07-10 07:31:06
546,T122862,情報応用工学科,佐藤 あすか,090-8177-7003,学生,,FALSE,ce4E5Ana&g,FALSE,2025-07-10 07:31:06
547,T124262,機械電子工学科,佐藤 稔,090-0354-1920,学生,,FALSE,Yn6Waei)@J,FALSE,2025-07-10 07:31:06
548,T124265,機械電子工学科,小川 浩,070-9778-6544,学生,,FALSE,_c2FU7a%xG,FALSE,2025-07-10 07:31:06
549,T124258,情報応用工学科,山本 治,97-9990-6596,学生,,FALSE,X$3Si8qU@X,FALSE,2025-07-10 07:31:06
550,21820,財務部,伊藤 稔,080-3900-8593,職員,臨時,FALSE,3hIP4bQX_w,FALSE,2025-07-10 07:31:06
551,T124078,情報応用工学科,佐々木 修平,15-8010-1701,学生,,FALSE,TN@VQo!w$5,FALSE,2025-07-10 07:31:06
552,T122972,機械電子工学科,小林 稔,90-9534-9198,学生,,FALSE,g!#4HbQv%a,FALSE,2025-07-10 07:31:06
553,T122215,情報応用工学科,高橋 和也,080-4880-6163,学生,,FALSE,Nrf93C(d+3,FALSE,2025-07-10 07:31:06
554,46930,財務部,渡辺 直人,080-8423-8063,教員,非常勤,FALSE,64MR(hl#((,FALSE,2025-07-10 07:31:06
555,T125839,機械電子工学科,田中 太一,090-0829-4694,学生,,FALSE,OuM#85QrVA,FALSE,2025-07-10 07:31:06
556,T123293,情報応用工学科,佐藤 晃,070-4453-4443,学生,,FALSE,G1zMs_ce#i,FALSE,2025-07-10 07:31:06
557,T125861,情報応用工学科,清水 くみ子,090-9675-5930,学生,,FALSE,L4@QvHx7%Y,FALSE,2025-07-10 07:31:06
558,66576,教務部,山田 陽一,51-8923-0656,教員,特任,FALSE,s87yWymn$),FALSE,2025-07-10 07:31:06
559,T125306,機械電子工学科,森 零,080-0179-6821,学生,,FALSE,!x9(Suym@4,FALSE,2025-07-10 07:31:06
560,T125477,機械電子工学科,山本 香織,090-2904-5782,学生,,FALSE,Q*FouUd$@4,FALSE,2025-07-10 07:31:06
561,T123654,情報応用工学科,鈴木 康弘,070-8115-7655,学生,,FALSE,g$6t9%T^mw,FALSE,2025-07-10 07:31:06
562,62590,教務部,鈴木 真綾,090-9005-2562,職員,臨時,FALSE,%P82E_dT_X,FALSE,2025-07-10 07:31:06
563,T124562,情報応用工学科,佐藤 裕美子,070-3239-2928,学生,,FALSE,4g1BSVlv*@,FALSE,2025-07-10 07:31:06
564,57591,財務部,中川 明美,090-3962-2681,教員,専任,FALSE,_#3)3Od#SB,FALSE,2025-07-10 07:31:06
565,60722,財務部,木村 篤司,080-1335-0841,教員,非常勤,FALSE,6E2PGQob&q,FALSE,2025-07-10 07:31:06
566,46716,教務部,鈴木 晃,23-0302-4786,職員,専任,FALSE,@20XO3VTwy,FALSE,2025-07-10 07:31:06
567,T122439,機械電子工学科,山本 陽一,090-7881-6471,学生,,FALSE,%n8uRb66(s,FALSE,2025-07-10 07:31:06
568,T123688,機械電子工学科,佐藤 太一,080-1197-1666,学生,,FALSE,j3cDFXyo^+,FALSE,2025-07-10 07:31:06
569,T124547,機械電子工学科,小林 太一,090-7471-8684,学生,,FALSE,8aC)RHFm%4,FALSE,2025-07-10 07:31:06
570,T125438,情報応用工学科,石川 陽子,080-5561-7707,学生,,FALSE,^)TjP0Am(C,FALSE,2025-07-10 07:31:06
571,T122903,機械電子工学科,田中 里佳,070-5525-5171,学生,,FALSE,o7I&3I_X&t,FALSE,2025-07-10 07:31:06
572,T124288,情報応用工学科,長谷川 涼平,30-9132-9032,学生,,FALSE,$8HeZOkw8C,FALSE,2025-07-10 07:31:06
573,15947,教務部,池田 加奈,43-0290-5960,職員,専任,FALSE,tp5Qce7e#9,FALSE,2025-07-10 07:31:06
574,53722,財務部,斎藤 翼,97-4360-2562,教員,非常勤,FALSE,1%5(TWf8uY,FALSE,2025-07-10 07:31:06
575,T124086,情報応用工学科,小林 直樹,85-5166-2860,学生,,FALSE,Q%Uq$8REgd,FALSE,2025-07-10 07:31:06
576,T124774,情報応用工学科,木村 淳,42-1916-0307,学生,,FALSE,383g4+Et(y,FALSE,2025-07-10 07:31:06
577,53057,財務部,村上 さゆり,070-5124-2478,職員,専任,FALSE,&9kB#ezLRs,FALSE,2025-07-10 07:31:06
578,T123781,機械電子工学科,渡辺 直子,05-0098-2481,学生,,FALSE,)qyWP7x$Y2,FALSE,2025-07-10 07:31:06
579,T124717,機械電子工学科,坂本 裕美子,070-4109-1996,学生,,FALSE,HY6UiWeO^N,FALSE,2025-07-10 07:31:06
580,T124323,機械電子工学科,中島 康弘,070-9096-9378,学生,,FALSE,z^0FBLgOOT,FALSE,2025-07-10 07:31:06
581,83913,財務部,鈴木 英樹,96-5504-2751,職員,嘱託,FALSE,(3dEtI!Xmv,FALSE,2025-07-10 07:31:06
582,T125734,情報応用工学科,高橋 知実,090-5523-1562,学生,,FALSE,d522RpRj_p,FALSE,2025-07-10 07:31:06
583,58364,財務部,山田 千代,33-6826-2234,教員,非常勤,FALSE,6K%3P4RfH@,FALSE,2025-07-10 07:31:06
584,T122501,機械電子工学科,池田 裕太,080-3382-8184,学生,,FALSE,UA0U7QVyZ),FALSE,2025-07-10 07:31:06
585,T124673,機械電子工学科,佐藤 篤司,090-5342-3443,学生,,FALSE,FKG370Da0*,FALSE,2025-07-10 07:31:06
586,92627,教務部,山口 里佳,080-2379-3325,教員,非常勤,FALSE,_2*OkBAQVr,FALSE,2025-07-10 07:31:06
587,T124169,機械電子工学科,鈴木 淳,49-5601-2618,学生,,FALSE,!F$jIoQyg4,FALSE,2025-07-10 07:31:06
588,T125000,情報応用工学科,高橋 花子,080-4960-2115,学生,,FALSE,r^6j3rHg4J,FALSE,2025-07-10 07:31:06
589,T125294,情報応用工学科,松本 智也,090-1925-1568,学生,,FALSE,l%@h2NyKO@,FALSE,2025-07-10 07:31:06
590,86619,財務部,三浦 直樹,070-0906-6020,職員,専任,FALSE,gc$&7xXvpF,FALSE,2025-07-10 07:31:06
591,T124401,機械電子工学科,後藤 学,070-8636-3571,学生,,FALSE,+&)F&+ewh1,FALSE,2025-07-10 07:31:06
592,T122678,情報応用工学科,加藤 幹,080-8094-6352,学生,,FALSE,A)n6HU*k^C,FALSE,2025-07-10 07:31:06
593,14143,教務部,石井 千代,20-2310-0215,教員,専任,FALSE,@ae0aNj+wv,FALSE,2025-07-10 07:31:06
594,T122080,機械電子工学科,遠藤 花子,070-6316-4221,学生,,FALSE,&)Aqz$y_a7,FALSE,2025-07-10 07:31:06
595,T123427,機械電子工学科,小川 亮介,070-3017-1886,学生,,FALSE,m$rR)2Rc*2,FALSE,2025-07-10 07:31:06
596,T122698,機械電子工学科,山崎 明美,090-6686-4902,学生,,FALSE,x6CQBDMl_W,FALSE,2025-07-10 07:31:06
597,T125163,情報応用工学科,森 陽子,94-7144-8503,学生,,FALSE,+iQBX@vV74,FALSE,2025-07-10 07:31:06
598,T123869,機械電子工学科,加藤 美加子,77-0046-3331,学生,,FALSE,(6to)IEx+m,FALSE,2025-07-10 07:31:06
599,T125894,情報応用工学科,岡田 陽子,51-5189-2217,学生,,FALSE,bGof3OtzD*,FALSE,2025-07-10 07:31:06
600,T125232,情報応用工学科,高橋 淳,090-7455-1873,学生,,FALSE,X^hXO3o0&6,FALSE,2025-07-10 07:31:06
601,78109,教務部,藤原 稔,080-8627-9997,職員,臨時,FALSE,*6ZAHjxPq+,FALSE,2025-07-10 07:31:06
602,T123479,機械電子工学科,小林 修平,92-6790-1751,学生,,FALSE,T#(11FIrKw,FALSE,2025-07-10 07:31:06
603,T124414,機械電子工学科,田中 健一,080-6071-2021,学生,,FALSE,+8dCYtnEeg,FALSE,2025-07-10 07:31:06
604,51192,教務部,太田 美加子,18-3105-2555,職員,嘱託,FALSE,m64&YnPM&O,FALSE,2025-07-10 07:31:06
605,T124453,機械電子工学科,木村 裕樹,070-1130-4617,学生,,FALSE,_0eRBDjf$I,FALSE,2025-07-10 07:31:06
606,T124512,機械電子工学科,近藤 太一,070-8279-4269,学生,,FALSE,A2uRoVEW(q,FALSE,2025-07-10 07:31:06
607,T125101,機械電子工学科,鈴木 結衣,32-9159-7999,学生,,FALSE,_21AiXmHrZ,FALSE,2025-07-10 07:31:06
608,90109,財務部,渡辺 康弘,090-1880-7568,職員,専任,FALSE,o91TJzIJ&G,FALSE,2025-07-10 07:31:06
609,42362,財務部,渡辺 直樹,86-8800-0573,職員,臨時,FALSE,^)432!Xz4^,FALSE,2025-07-10 07:31:06
610,T123357,情報応用工学科,高橋 知実,14-1844-5796,学生,,FALSE,Zo53Viwn_h,FALSE,2025-07-10 07:31:06
611,T123354,機械電子工学科,池田 真綾,090-9966-6381,学生,,FALSE,U4$7Jxybi*,FALSE,2025-07-10 07:31:06
612,T125238,情報応用工学科,後藤 里佳,070-0863-4290,学生,,FALSE,r2PTV*Wj+O,FALSE,2025-07-10 07:31:06
613,T125173,機械電子工学科,中村 香織,070-7138-4437,学生,,FALSE,ZKSQ%qbp^2,FALSE,2025-07-10 07:31:06
614,51626,財務部,高橋 七夏,080-0229-3330,職員,嘱託,FALSE,36*P%oxr@U,FALSE,2025-07-10 07:31:06
615,T124580,機械電子工学科,藤井 修平,56-2070-7952,学生,,FALSE,rkMj3GLhf(,FALSE,2025-07-10 07:31:06
616,T123309,情報応用工学科,田中 晃,31-0996-0369,学生,,FALSE,_ZTee3Hsav,FALSE,2025-07-10 07:31:06
617,85306,財務部,山崎 淳,090-8626-1834,教員,特任,FALSE,SGP@t7x1+4,FALSE,2025-07-10 07:31:06
618,55315,教務部,福田 裕樹,080-3883-8237,職員,嘱託,FALSE,)17PvQiS2+,FALSE,2025-07-10 07:31:06
619,T122187,機械電子工学科,橋本 舞,070-4160-2574,学生,,FALSE,Pb4tB_dE)7,FALSE,2025-07-10 07:31:06
620,T125283,情報応用工学科,高橋 加奈,65-5336-8005,学生,,FALSE,B5COg%j_!i,FALSE,2025-07-10 07:31:06
621,T123580,機械電子工学科,中村 京助,090-2462-4079,学生,,FALSE,ZWl+9Nn59f,FALSE,2025-07-10 07:31:06
622,T125019,機械電子工学科,吉田 京助,090-8558-1431,学生,,FALSE,dt_o6NKflr,FALSE,2025-07-10 07:31:06
623,72915,教務部,清水 充,070-0713-5766,職員,専任,FALSE,+0p*iKXhjj,FALSE,2025-07-10 07:31:06
624,T125820,機械電子工学科,小林 花子,13-5800-8884,学生,,FALSE,$3z(07Qvji,FALSE,2025-07-10 07:31:06
625,T124594,機械電子工学科,鈴木 桃子,090-3776-1233,学生,,FALSE,YYi5QC*q@d,FALSE,2025-07-10 07:31:06
626,T122633,情報応用工学科,近藤 稔,49-7980-2080,学生,,FALSE,g)3X%ttV)L,FALSE,2025-07-10 07:31:06
627,T124845,情報応用工学科,佐藤 和也,090-6142-3058,学生,,FALSE,$eInPdtKT3,FALSE,2025-07-10 07:31:06
628,41828,教務部,山崎 千代,070-1712-7526,教員,非常勤,FALSE,iun1(8Of$i,FALSE,2025-07-10 07:31:06
629,T124451,情報応用工学科,木村 洋介,070-1628-6356,学生,,FALSE,&7XS&O)fg5,FALSE,2025-07-10 07:31:06
630,93778,教務部,阿部 七夏,090-9841-7499,教員,専任,FALSE,XR84Pr@lw),FALSE,2025-07-10 07:31:06
631,T122458,機械電子工学科,佐藤 晃,090-6946-8186,学生,,FALSE,h$2I2vn@Xm,FALSE,2025-07-10 07:31:06
632,T123511,機械電子工学科,伊藤 康弘,090-9981-6128,学生,,FALSE,H&3NOY)c0g,FALSE,2025-07-10 07:31:06
633,T122460,情報応用工学科,山本 加奈,070-6232-5147,学生,,FALSE,*02ObpiUvp,FALSE,2025-07-10 07:31:06
634,10680,教務部,藤田 明美,070-2223-4625,職員,嘱託,FALSE,*8O)g$nxKm,FALSE,2025-07-10 07:31:06
635,95743,財務部,山本 翔太,080-7849-2966,教員,特任,FALSE,NupsX9Voy#,FALSE,2025-07-10 07:31:06
636,95434,教務部,坂本 香織,070-9731-8475,教員,特任,FALSE,$pXnYfAkX9,FALSE,2025-07-10 07:31:06
637,T123469,機械電子工学科,佐藤 里佳,090-1810-6837,学生,,FALSE,Z%REz1B^Ik,FALSE,2025-07-10 07:31:06
638,T124983,情報応用工学科,阿部 修平,070-4728-5332,学生,,FALSE,l9@*Gz4c&4,FALSE,2025-07-10 07:31:06
639,21745,教務部,高橋 さゆり,090-9851-3938,教員,非常勤,FALSE,eh34Bz(F@1,FALSE,2025-07-10 07:31:06
640,T125413,情報応用工学科,山本 涼平,58-2471-9754,学生,,FALSE,$S3MGoBrxA,FALSE,2025-07-10 07:31:06
641,T122807,機械電子工学科,渡辺 治,090-5576-9108,学生,,FALSE,_u75VAdwF^,FALSE,2025-07-10 07:31:06
642,T125878,情報応用工学科,藤田 香織,070-8580-2519,学生,,FALSE,e^8OLvt&Kq,FALSE,2025-07-10 07:31:06
643,T122159,機械電子工学科,井上 京助,070-9860-1766,学生,,FALSE,!ZMi9qAn!x,FALSE,2025-07-10 07:31:06
644,T125655,機械電子工学科,佐々木 舞,090-8673-4200,学生,,FALSE,*xwGhDWrz0,FALSE,2025-07-10 07:31:06
645,T122860,機械電子工学科,渡辺 直樹,090-8268-3044,学生,,FALSE,zG7OVXowh(,FALSE,2025-07-10 07:31:06
646,14918,教務部,石井 陽子,070-6444-8114,教員,特任,FALSE,6LVXO+dG&B,FALSE,2025-07-10 07:31:06
647,T124634,情報応用工学科,中川 太郎,64-6372-7457,学生,,FALSE,Lu5$^tTi%%,FALSE,2025-07-10 07:31:06
648,T123540,機械電子工学科,松田 和也,89-0363-3233,学生,,FALSE,j)1TzC)+5o,FALSE,2025-07-10 07:31:06
649,69674,財務部,清水 香織,64-5359-7170,教員,専任,FALSE,*b4)HmiEJ%,FALSE,2025-07-10 07:31:06
650,T125943,機械電子工学科,山本 健一,090-6146-1670,学生,,FALSE,5@pU2KZTZm,FALSE,2025-07-10 07:31:06
651,T123250,情報応用工学科,岡田 直人,080-5596-9082,学生,,FALSE,w7+KsxdK&Z,FALSE,2025-07-10 07:31:06
652,T125752,情報応用工学科,木村 翼,090-6067-8773,学生,,FALSE,$0OH3zZjrm,FALSE,2025-07-10 07:31:06
653,53422,教務部,井上 直樹,070-5699-4944,職員,臨時,FALSE,Mu!2DFqWjf,FALSE,2025-07-10 07:31:06
654,T124123,機械電子工学科,中島 直子,80-3633-5633,学生,,FALSE,N%EpH9It@b,FALSE,2025-07-10 07:31:06
655,T125328,情報応用工学科,木村 春香,070-9107-2540,学生,,FALSE,QM3%eZnp&&,FALSE,2025-07-10 07:31:06
656,11849,財務部,田中 健一,090-9073-6743,職員,嘱託,FALSE,Q$0v!%kaOL,FALSE,2025-07-10 07:31:06
657,T124637,情報応用工学科,佐藤 亮介,35-5459-5223,学生,,FALSE,f31HGZXG%v,FALSE,2025-07-10 07:31:06
658,T122810,機械電子工学科,鈴木 直子,070-3415-2014,学生,,FALSE,r)447Zrv#i,FALSE,2025-07-10 07:31:06
659,66172,財務部,佐々木 陽子,070-2992-8267,職員,専任,FALSE,pz2MYBc94(,FALSE,2025-07-10 07:31:06
660,T123845,情報応用工学科,山本 明美,65-9790-7547,学生,,FALSE,*&l51wTj9h,FALSE,2025-07-10 07:31:06
661,34263,教務部,小林 明美,46-5650-4067,教員,特任,FALSE,&Akxf6Jzl7,FALSE,2025-07-10 07:31:06
662,52495,教務部,鈴木 桃子,080-2159-8034,職員,専任,FALSE,8yWdsT^d%n,FALSE,2025-07-10 07:31:06
663,T123197,機械電子工学科,小林 聡太郎,090-2581-4081,学生,,FALSE,+0mvHf&r8*,FALSE,2025-07-10 07:31:06
664,T123080,機械電子工学科,山口 充,090-7768-3306,学生,,FALSE,o7n3M!%w&+,FALSE,2025-07-10 07:31:06
665,45053,財務部,小林 涼平,96-7031-9122,教員,特任,FALSE,4^5*tXulIy,FALSE,2025-07-10 07:31:06
666,86499,教務部,鈴木 あすか,080-2994-2985,教員,特任,FALSE,T89UUcPkk%,FALSE,2025-07-10 07:31:06
667,T125033,機械電子工学科,中村 聡太郎,080-0014-1906,学生,,FALSE,1R1ICx+r^^,FALSE,2025-07-10 07:31:06
668,T125213,情報応用工学科,青木 稔,74-9449-0893,学生,,FALSE,(z%zR6TjMY,FALSE,2025-07-10 07:31:06
669,18160,教務部,山口 真綾,070-0575-8319,職員,嘱託,FALSE,RwG#&5Glg*,FALSE,2025-07-10 07:31:06
670,T123412,情報応用工学科,井上 花子,070-8839-5332,学生,,FALSE,9u5UT@Y0^w,FALSE,2025-07-10 07:31:06
671,T123871,機械電子工学科,中島 翼,080-5759-8836,学生,,FALSE,P9J#d+_w$q,FALSE,2025-07-10 07:31:06
672,T125205,情報応用工学科,木村 さゆり,080-4845-6980,学生,,FALSE,%CrEyig*&3,FALSE,2025-07-10 07:31:06
673,T124968,機械電子工学科,中島 裕樹,10-6343-3055,学生,,FALSE,L)7Fz$FC9w,FALSE,2025-07-10 07:31:06
674,58272,教務部,鈴木 くみ子,55-5621-3586,職員,専任,FALSE,A1MVVK8v+X,FALSE,2025-07-10 07:31:06
675,T122621,機械電子工学科,福田 修平,080-7108-7816,学生,,FALSE,_^B2TAOu(7,FALSE,2025-07-10 07:31:06
676,T122713,機械電子工学科,斉藤 京助,090-1355-9887,学生,,FALSE,(X9qFTok(0,FALSE,2025-07-10 07:31:06
677,T125486,機械電子工学科,山口 陽一,090-4324-8846,学生,,FALSE,ZYQ)Cv6n@6,FALSE,2025-07-10 07:31:06
678,T123927,機械電子工学科,佐藤 桃子,080-8488-2795,学生,,FALSE,+OQ6BxOkf4,FALSE,2025-07-10 07:31:06
679,80599,教務部,石川 里佳,12-9476-4181,職員,専任,FALSE,2rC4M0nj*2,FALSE,2025-07-10 07:31:06
680,99366,教務部,井上 里佳,080-9526-5079,教員,非常勤,FALSE,k_7XBzA)Yl,FALSE,2025-07-10 07:31:06
681,T124074,機械電子工学科,佐藤 智也,12-0150-2717,学生,,FALSE,#+8yGs)O@E,FALSE,2025-07-10 07:31:06
682,20259,教務部,斎藤 零,090-0831-0564,教員,専任,FALSE,+I9eZOzP6Z,FALSE,2025-07-10 07:31:06
683,T125867,情報応用工学科,森 直子,39-5891-9793,学生,,FALSE,f3Aaj$cx!a,FALSE,2025-07-10 07:31:06
684,85222,教務部,高橋 花子,090-8864-1815,職員,専任,FALSE,9E$lFnon#b,FALSE,2025-07-10 07:31:06
685,53092,財務部,佐々木 加奈,37-8294-6879,教員,専任,FALSE,U#7TQukv^v,FALSE,2025-07-10 07:31:06
686,99363,教務部,中村 春香,080-4475-9564,教員,非常勤,FALSE,J%4M&zEx@5,FALSE,2025-07-10 07:31:06
687,86596,財務部,高橋 舞,070-6950-6482,職員,専任,FALSE,C&w42rJu&6,FALSE,2025-07-10 07:31:06
688,T124375,機械電子工学科,松田 翔太,080-3940-5046,学生,,FALSE,O7Bk(7LaAc,FALSE,2025-07-10 07:31:06
689,T125775,情報応用工学科,加藤 翔太,090-8351-1971,学生,,FALSE,C3fYvARt$f,FALSE,2025-07-10 07:31:06
690,T124110,情報応用工学科,池田 洋介,65-4042-2592,学生,,FALSE,Oq88JVg^^h,FALSE,2025-07-10 07:31:06
691,T124389,機械電子工学科,高橋 千代,080-5834-6922,学生,,FALSE,v9U&xSjU#d,FALSE,2025-07-10 07:31:06
692,T124127,情報応用工学科,鈴木 知実,00-7920-0721,学生,,FALSE,60YWp(lo$z,FALSE,2025-07-10 07:31:06
693,T124609,機械電子工学科,林 七夏,090-3244-7898,学生,,FALSE,+KMOG%aU00,FALSE,2025-07-10 07:31:06
694,T125133,機械電子工学科,山下 修平,30-7833-7650,学生,,FALSE,5o15YtEpi%,FALSE,2025-07-10 07:31:06
695,T125378,情報応用工学科,中島 知実,070-0344-0525,学生,,FALSE,3WVMfOMc+6,FALSE,2025-07-10 07:31:06
696,T123829,機械電子工学科,田中 七夏,61-8372-8004,学生,,FALSE,(0GJtJgSkc,FALSE,2025-07-10 07:31:06
697,T125818,情報応用工学科,高橋 香織,090-0628-0366,学生,,FALSE,nN@pa93ne_,FALSE,2025-07-10 07:31:06
698,T125489,情報応用工学科,高橋 直子,070-8830-8774,学生,,FALSE,$0@RoN2Q%5,FALSE,2025-07-10 07:31:06
699,T124703,情報応用工学科,山本 智也,070-1156-0405,学生,,FALSE,w!y2HdoVB2,FALSE,2025-07-10 07:31:06
700,15950,財務部,山田 あすか,070-5643-3257,教員,特任,FALSE,p$H77W#yZn,FALSE,2025-07-10 07:31:06
701,T125267,情報応用工学科,高橋 香織,090-5098-6972,学生,,FALSE,z#*9YoNbnS,FALSE,2025-07-10 07:31:06
702,T124525,情報応用工学科,前田 修平,40-3807-2483,学生,,FALSE,_8CQs9qKV$,FALSE,2025-07-10 07:31:06
703,T122314,機械電子工学科,石川 修平,41-8820-3687,学生,,FALSE,YH96IK_tP_,FALSE,2025-07-10 07:31:06
704,14167,財務部,阿部 拓真,090-2517-7528,職員,嘱託,FALSE,JAEVMqXm!4,FALSE,2025-07-10 07:31:06
705,T122836,情報応用工学科,田中 修平,070-5957-1667,学生,,FALSE,#dL_TK0f7V,FALSE,2025-07-10 07:31:06
706,T125589,機械電子工学科,山崎 桃子,70-1133-1466,学生,,FALSE,TgQ52NqI2),FALSE,2025-07-10 07:31:06
707,T123728,機械電子工学科,山田 拓真,070-5486-0900,学生,,FALSE,)f5sPvxS&T,FALSE,2025-07-10 07:31:06
708,68922,財務部,前田 太郎,090-7994-5152,教員,特任,FALSE,LGE)1Sfgtc,FALSE,2025-07-10 07:31:06
709,T122365,情報応用工学科,吉田 美加子,090-5174-5774,学生,,FALSE,@j1GomcX4O,FALSE,2025-07-10 07:31:06
710,T125052,機械電子工学科,岡本 明美,75-4991-1618,学生,,FALSE,!%EvOdv3l3,FALSE,2025-07-10 07:31:06
711,T122550,情報応用工学科,渡辺 京助,070-6775-9472,学生,,FALSE,%DwSo5*91B,FALSE,2025-07-10 07:31:06
712,T124513,機械電子工学科,伊藤 春香,090-6009-8271,学生,,FALSE,425$LS#n%K,FALSE,2025-07-10 07:31:06
713,T124476,情報応用工学科,前田 直人,090-6500-6834,学生,,FALSE,LV5Aqq6bS@,FALSE,2025-07-10 07:31:06
714,39242,教務部,石川 洋介,080-8665-8012,教員,専任,FALSE,_d2Rwy3C3g,FALSE,2025-07-10 07:31:06
715,T123380,機械電子工学科,鈴木 太郎,070-6638-0835,学生,,FALSE,&6Ei77Jjiw,FALSE,2025-07-10 07:31:06
716,98475,財務部,高橋 七夏,25-8641-5174,教員,非常勤,FALSE,1(7I@jx#nb,FALSE,2025-07-10 07:31:06
717,T123755,情報応用工学科,佐藤 結衣,080-0691-3330,学生,,FALSE,*Fq5%SYs)W,FALSE,2025-07-10 07:31:06
718,T123145,機械電子工学科,加藤 京助,00-9242-6000,学生,,FALSE,aw(*6B!re1,FALSE,2025-07-10 07:31:06
719,T123604,情報応用工学科,松本 零,090-5822-6423,学生,,FALSE,uJo_7RorPk,FALSE,2025-07-10 07:31:06
720,T123274,情報応用工学科,三浦 京助,080-7666-0521,学生,,FALSE,%cM(NcaTG8,FALSE,2025-07-10 07:31:06
721,24823,教務部,渡辺 陽子,66-3779-1563,教員,非常勤,FALSE,NtQoRkv5^3,FALSE,2025-07-10 07:31:06
722,T123959,情報応用工学科,山田 さゆり,070-5475-3566,学生,,FALSE,ao8Q7Lgda^,FALSE,2025-07-10 07:31:06
723,41604,教務部,山崎 修平,090-6497-7402,職員,専任,FALSE,&M4QH3Ir#^,FALSE,2025-07-10 07:31:06
724,T122467,情報応用工学科,鈴木 治,070-5194-6346,学生,,FALSE,&CC0uzv^_2,FALSE,2025-07-10 07:31:06
725,68649,教務部,山本 学,080-3634-3348,職員,専任,FALSE,fu4ZCiRs&X,FALSE,2025-07-10 07:31:06
726,T125485,情報応用工学科,田中 あすか,070-8117-8676,学生,,FALSE,57u1Yy)B#R,FALSE,2025-07-10 07:31:06
727,T123873,機械電子工学科,山田 涼平,42-1412-0512,学生,,FALSE,JRJD(b0h)0,FALSE,2025-07-10 07:31:06
728,40771,教務部,森 涼平,73-4630-9630,教員,専任,FALSE,Ul0H0gzy(@,FALSE,2025-07-10 07:31:06
729,T122655,機械電子工学科,田中 結衣,88-2655-2687,学生,,FALSE,yf4+C4FXx!,FALSE,2025-07-10 07:31:06
730,T123084,機械電子工学科,佐藤 直人,93-1394-5694,学生,,FALSE,)m4tPebvL6,FALSE,2025-07-10 07:31:06
731,85859,財務部,中村 知実,090-8034-0848,職員,専任,FALSE,C++QT6Ks8@,FALSE,2025-07-10 07:31:06
732,49636,教務部,鈴木 幹,70-6441-0528,教員,非常勤,FALSE,)Z4o*Dw3u%,FALSE,2025-07-10 07:31:06
733,T124452,情報応用工学科,高橋 淳,090-8730-2017,学生,,FALSE,$KOgN)Q7y2,FALSE,2025-07-10 07:31:06
734,T123933,機械電子工学科,伊藤 浩,070-1426-7111,学生,,FALSE,DkG#rC_B#2,FALSE,2025-07-10 07:31:06
735,T123276,情報応用工学科,山田 健一,070-9371-5069,学生,,FALSE,SXNii4Ju%9,FALSE,2025-07-10 07:31:06
736,T124626,情報応用工学科,村上 舞,43-0327-1811,学生,,FALSE,zsax33Iz$1,FALSE,2025-07-10 07:31:06
737,T124948,機械電子工学科,山口 直子,090-9550-3865,学生,,FALSE,B_2HeAzZdk,FALSE,2025-07-10 07:31:06
738,83019,財務部,吉田 淳,070-5457-1773,教員,専任,FALSE,xSMd9N@G_6,FALSE,2025-07-10 07:31:06
739,T123602,機械電子工学科,佐藤 涼平,090-3894-7961,学生,,FALSE,#hV2hBqr^N,FALSE,2025-07-10 07:31:06
740,T125711,機械電子工学科,佐藤 裕太,44-6187-3138,学生,,FALSE,BoL_TkOP!2,FALSE,2025-07-10 07:31:06
741,T125277,機械電子工学科,坂本 加奈,080-9403-9691,学生,,FALSE,pfZFq0UR)8,FALSE,2025-07-10 07:31:06
742,T123908,情報応用工学科,藤井 花子,080-6698-8236,学生,,FALSE,(kxpNhSi92,FALSE,2025-07-10 07:31:06
743,T123395,機械電子工学科,佐藤 和也,30-4114-9969,学生,,FALSE,r%1oetAi&I,FALSE,2025-07-10 07:31:06
744,T122859,機械電子工学科,加藤 さゆり,15-6858-3900,学生,,FALSE,xED33FZzS&,FALSE,2025-07-10 07:31:06
745,41646,教務部,佐藤 里佳,070-4541-7805,教員,特任,FALSE,#4z4TNyugG,FALSE,2025-07-10 07:31:06
746,28963,財務部,佐々木 翔太,070-3685-2000,職員,専任,FALSE,#JeaS_Odc0,FALSE,2025-07-10 07:31:06
747,T124659,機械電子工学科,清水 春香,080-2568-5928,学生,,FALSE,@)!0*QvrrJ,FALSE,2025-07-10 07:31:06
748,64719,教務部,松本 翼,080-4633-5159,教員,特任,FALSE,XR&H0Jlhcf,FALSE,2025-07-10 07:31:06
749,T123129,機械電子工学科,遠藤 直人,090-1538-3353,学生,,FALSE,5_9#Ge4hmN,FALSE,2025-07-10 07:31:06
750,36704,財務部,佐々木 聡太郎,080-0410-0838,教員,非常勤,FALSE,DlA5NBiz(S,FALSE,2025-07-10 07:31:06
751,T122359,機械電子工学科,岡本 舞,070-2635-8948,学生,,FALSE,s(Mj1YxfBs,FALSE,2025-07-10 07:31:06
752,58749,教務部,橋本 涼平,070-2315-0646,教員,非常勤,FALSE,^hHSKvZI(0,FALSE,2025-07-10 07:31:06
753,35018,教務部,高橋 智也,94-7651-3443,職員,嘱託,FALSE,b&_8uPq(!1,FALSE,2025-07-10 07:31:06
754,59552,教務部,田中 あすか,45-6193-8751,教員,専任,FALSE,!6i8JLe(yi,FALSE,2025-07-10 07:31:06
755,34713,教務部,中島 晃,090-2955-6616,職員,嘱託,FALSE,aOpYnVV@$1,FALSE,2025-07-10 07:31:06
756,T122971,機械電子工学科,田中 舞,080-8546-8777,学生,,FALSE,)Q3ANp%aQ$,FALSE,2025-07-10 07:31:06
757,T123416,情報応用工学科,佐藤 充,080-3138-3956,学生,,FALSE,&#5IIXimF+,FALSE,2025-07-10 07:31:06
758,T122986,情報応用工学科,山本 健一,080-3960-3782,学生,,FALSE,_HCJSOlJb8,FALSE,2025-07-10 07:31:06
759,25410,財務部,藤田 香織,090-3936-0542,職員,専任,FALSE,7396HKWg#T,FALSE,2025-07-10 07:31:06
760,T125285,情報応用工学科,鈴木 花子,070-6402-1170,学生,,FALSE,TSVYmjan@6,FALSE,2025-07-10 07:31:06
761,T123859,情報応用工学科,松本 和也,080-4688-2911,学生,,FALSE,($+06R3z!$,FALSE,2025-07-10 07:31:06
762,T124616,機械電子工学科,佐藤 加奈,070-1789-4449,学生,,FALSE,$9Pf*aMT8f,FALSE,2025-07-10 07:31:06
763,T125679,機械電子工学科,橋本 充,070-5486-5631,学生,,FALSE,ngK#3Owr_2,FALSE,2025-07-10 07:31:06
764,T123780,機械電子工学科,鈴木 英樹,090-9305-9418,学生,,FALSE,2BR4#vTu*E,FALSE,2025-07-10 07:31:06
765,T124526,機械電子工学科,田中 直樹,080-4082-9416,学生,,FALSE,$5HiLGf+nF,FALSE,2025-07-10 07:31:06
766,T123445,機械電子工学科,鈴木 翼,08-0456-5935,学生,,FALSE,+j7VxmSl#5,FALSE,2025-07-10 07:31:06
767,T123681,機械電子工学科,山本 くみ子,070-7204-8332,学生,,FALSE,^0L)3OjYtN,FALSE,2025-07-10 07:31:06
768,T124202,情報応用工学科,池田 さゆり,070-5908-2917,学生,,FALSE,2dkpNeEx_T,FALSE,2025-07-10 07:31:06
769,71692,財務部,小林 桃子,070-6637-8483,教員,専任,FALSE,bHvLBpco@6,FALSE,2025-07-10 07:31:06
770,T123735,機械電子工学科,鈴木 桃子,070-2810-0525,学生,,FALSE,$mI8*(v6V1,FALSE,2025-07-10 07:31:06
771,64386,教務部,村上 健一,080-1061-4018,職員,臨時,FALSE,7r)0GZee9),FALSE,2025-07-10 07:31:06
772,39062,教務部,石井 花子,090-9134-3095,職員,専任,FALSE,^0$(SNTy@A,FALSE,2025-07-10 07:31:06
773,T123215,機械電子工学科,中村 涼平,080-0565-2801,学生,,FALSE,#(V44UJwD$,FALSE,2025-07-10 07:31:06
774,T123379,情報応用工学科,清水 裕樹,090-2639-4883,学生,,FALSE,^49QWHbbVQ,FALSE,2025-07-10 07:31:06
775,T122914,機械電子工学科,佐々木 幹,080-4285-0152,学生,,FALSE,4fAz!ngu^4,FALSE,2025-07-10 07:31:06
776,T123070,機械電子工学科,鈴木 香織,070-6231-6110,学生,,FALSE,s%j3L5bn1V,FALSE,2025-07-10 07:31:06
777,T124715,情報応用工学科,小林 さゆり,090-4037-9674,学生,,FALSE,)aOO1%Je18,FALSE,2025-07-10 07:31:06
778,75604,財務部,藤原 香織,34-0777-2932,教員,特任,FALSE,)5h9G0lRQ3,FALSE,2025-07-10 07:31:06
779,T125636,機械電子工学科,長谷川 聡太郎,090-1094-3083,学生,,FALSE,*B5K*yri1&,FALSE,2025-07-10 07:31:06
780,T125435,機械電子工学科,田中 知実,070-1770-4656,学生,,FALSE,WP*(T7CcAl,FALSE,2025-07-10 07:31:06
781,T124184,情報応用工学科,加藤 聡太郎,090-4444-2625,学生,,FALSE,lc_3VL0FP!,FALSE,2025-07-10 07:31:06
782,T125491,機械電子工学科,渡辺 充,42-8497-7296,学生,,FALSE,e^oouZEbE2,FALSE,2025-07-10 07:31:06
783,T122791,情報応用工学科,山田 花子,090-0642-5759,学生,,FALSE,+17vJVAz!v,FALSE,2025-07-10 07:31:06
784,T125424,機械電子工学科,斎藤 涼平,59-8002-9112,学生,,FALSE,eJl@90WdB#,FALSE,2025-07-10 07:31:06
785,T122864,情報応用工学科,森 さゆり,090-0012-5923,学生,,FALSE,6$pKs9LQ!S,FALSE,2025-07-10 07:31:06
786,T124494,情報応用工学科,近藤 裕美子,080-0932-8490,学生,,FALSE,W9$Ffud+%l,FALSE,2025-07-10 07:31:06
787,19765,教務部,中村 香織,070-5231-4622,教員,専任,FALSE,e$6XQcatVz,FALSE,2025-07-10 07:31:06
788,T123956,情報応用工学科,高橋 真綾,090-7216-8958,学生,,FALSE,sp$10OoJOE,FALSE,2025-07-10 07:31:06
789,92871,教務部,渡辺 太一,04-9570-9323,教員,専任,FALSE,eR72ZU!i)j,FALSE,2025-07-10 07:31:06
790,29841,教務部,高橋 太郎,090-6024-0861,職員,専任,FALSE,&0X9c3QgX1,FALSE,2025-07-10 07:31:06
791,76452,財務部,伊藤 くみ子,12-5162-5026,職員,嘱託,FALSE,kSU83Q4wt+,FALSE,2025-07-10 07:31:06
792,17943,財務部,近藤 桃子,90-6741-5664,教員,非常勤,FALSE,8*6DzCExfb,FALSE,2025-07-10 07:31:06
793,74106,教務部,池田 淳,21-3635-2835,職員,専任,FALSE,(XIRD2An$0,FALSE,2025-07-10 07:31:06
794,T124534,機械電子工学科,高橋 美加子,080-4371-4607,学生,,FALSE,zhZ7N^Y_7!,FALSE,2025-07-10 07:31:06
795,T122049,情報応用工学科,橋本 舞,080-8350-3657,学生,,FALSE,H!8OkIPgHp,FALSE,2025-07-10 07:31:06
796,T124522,機械電子工学科,石川 智也,090-6993-0040,学生,,FALSE,814f11AcK@,FALSE,2025-07-10 07:31:06
797,T124556,機械電子工学科,吉田 修平,09-8834-8053,学生,,FALSE,6vXFzQIu$#,FALSE,2025-07-10 07:31:06
798,T122073,機械電子工学科,池田 裕美子,090-4139-5859,学生,,FALSE,*k2oCyzWw9,FALSE,2025-07-10 07:31:06
799,33549,教務部,小林 太一,080-5112-9768,教員,専任,FALSE,z(Kz8UfnQ7,FALSE,2025-07-10 07:31:06
800,T124499,情報応用工学科,松田 さゆり,01-2203-9262,学生,,FALSE,jN1!0Zeq)*,FALSE,2025-07-10 07:31:06
801,41657,教務部,藤井 七夏,73-6643-9110,職員,臨時,FALSE,9*+1GydGZb,FALSE,2025-07-10 07:31:06
802,79178,財務部,中島 千代,070-8829-7296,教員,特任,FALSE,V!Zp7DUh2Q,FALSE,2025-07-10 07:31:06
803,45117,財務部,松本 学,080-9003-9213,教員,専任,FALSE,Q0tOhv24)q,FALSE,2025-07-10 07:31:06
804,T123758,機械電子工学科,佐藤 春香,070-8638-8895,学生,,FALSE,)T2Qe#MV8t,FALSE,2025-07-10 07:31:06
805,70323,教務部,渡辺 明美,87-0916-2018,職員,臨時,FALSE,iC(^2Xau1U,FALSE,2025-07-10 07:31:06
806,T123056,機械電子工学科,藤井 太一,37-9242-2735,学生,,FALSE,@e70^DdVd7,FALSE,2025-07-10 07:31:06
807,T125260,情報応用工学科,渡辺 翼,090-3065-1538,学生,,FALSE,93lOnGWx&1,FALSE,2025-07-10 07:31:06
808,95909,教務部,岡本 学,64-1308-7815,職員,専任,FALSE,_6j7IGzXKk,FALSE,2025-07-10 07:31:06
809,63254,財務部,松本 千代,080-2024-9351,職員,嘱託,FALSE,#26LrXJbs),FALSE,2025-07-10 07:31:06
810,82629,財務部,太田 直子,070-6764-5421,職員,専任,FALSE,t^Wg1M2oEM,FALSE,2025-07-10 07:31:06
811,T125038,情報応用工学科,遠藤 陽子,070-7802-4913,学生,,FALSE,41BSPkOw)e,FALSE,2025-07-10 07:31:06
812,32515,教務部,中村 涼平,080-8688-7900,教員,特任,FALSE,A$0b21Wl3r,FALSE,2025-07-10 07:31:06
813,67021,財務部,佐藤 春香,090-5474-7946,職員,臨時,FALSE,3h5k2A&Dg#,FALSE,2025-07-10 07:31:06
814,22532,教務部,山下 幹,070-6910-8929,教員,専任,FALSE,J$9HI5qr^w,FALSE,2025-07-10 07:31:06
815,37775,財務部,中島 七夏,69-1420-1197,職員,嘱託,FALSE,d!zl!3Nku(,FALSE,2025-07-10 07:31:06
816,T122211,情報応用工学科,岡本 翼,090-1404-6182,学生,,FALSE,3U3H3NIue*,FALSE,2025-07-10 07:31:06
817,T125265,機械電子工学科,吉田 陽一,090-0799-7396,学生,,FALSE,$M_%PAmp0l,FALSE,2025-07-10 07:31:06
818,81362,教務部,伊藤 さゆり,22-2131-5866,教員,専任,FALSE,&2#lZp4out,FALSE,2025-07-10 07:31:06
819,51322,教務部,阿部 あすか,080-5036-2671,教員,専任,FALSE,#xb1U7Zh1H,FALSE,2025-07-10 07:31:06
820,T124813,情報応用工学科,太田 篤司,61-0516-2652,学生,,FALSE,@%TOzuN1_0,FALSE,2025-07-10 07:31:06
821,T125607,機械電子工学科,渡辺 聡太郎,090-5813-5724,学生,,FALSE,br76FTP5J*,FALSE,2025-07-10 07:31:06
822,T122354,機械電子工学科,鈴木 稔,090-9446-2916,学生,,FALSE,Ogdn9TT3i@,FALSE,2025-07-10 07:31:06
823,T122765,情報応用工学科,鈴木 千代,080-7769-5929,学生,,FALSE,h(NlsdElv0,FALSE,2025-07-10 07:31:06
824,T124721,機械電子工学科,中村 幹,080-8526-4060,学生,,FALSE,^ZJy5gHzhG,FALSE,2025-07-10 07:31:06
825,98981,財務部,斉藤 淳,090-0577-7799,職員,嘱託,FALSE,V9prRvDy_V,FALSE,2025-07-10 07:31:06
826,T125627,情報応用工学科,石井 京助,070-2997-2654,学生,,FALSE,!3R@9Dtv5b,FALSE,2025-07-10 07:31:06
827,T125793,情報応用工学科,吉田 康弘,090-0999-4835,学生,,FALSE,c0)0eHBtN3,FALSE,2025-07-10 07:31:06
828,T124387,機械電子工学科,斎藤 裕樹,070-3671-4891,学生,,FALSE,*0BPAhjNaA,FALSE,2025-07-10 07:31:06
829,T122244,情報応用工学科,中島 知実,070-3421-1389,学生,,FALSE,_1Gm+X0p+a,FALSE,2025-07-10 07:31:06
830,67444,教務部,木村 舞,090-2036-4988,職員,専任,FALSE,_ilKjhj#8y,FALSE,2025-07-10 07:31:06
831,T123611,機械電子工学科,阿部 裕美子,59-2744-6990,学生,,FALSE,!T8ktKt*4X,FALSE,2025-07-10 07:31:06
832,52886,教務部,田中 幹,070-6241-6748,教員,非常勤,FALSE,QI2D2jmg#x,FALSE,2025-07-10 07:31:06
833,45909,財務部,松本 太郎,090-2423-3361,職員,嘱託,FALSE,d@!H5TLw23,FALSE,2025-07-10 07:31:06
834,T123073,機械電子工学科,村上 花子,090-3548-9965,学生,,FALSE,^bu9R)Qg(+,FALSE,2025-07-10 07:31:06
835,T124658,機械電子工学科,田中 裕太,61-1532-8185,学生,,FALSE,k72Rj4fg!n,FALSE,2025-07-10 07:31:06
836,T124061,情報応用工学科,佐藤 太郎,090-0110-0382,学生,,FALSE,+2Ctqv7k72,FALSE,2025-07-10 07:31:06
837,T125255,機械電子工学科,藤井 幹,070-0766-4398,学生,,FALSE,$0PdZwXn)v,FALSE,2025-07-10 07:31:06
838,21260,財務部,石川 健一,070-3557-2621,教員,専任,FALSE,@*B4!zHmM1,FALSE,2025-07-10 07:31:06
839,T125419,情報応用工学科,加藤 香織,070-5474-2957,学生,,FALSE,W99IcwXk$K,FALSE,2025-07-10 07:31:06
840,T122382,機械電子工学科,岡田 涼平,080-4462-6062,学生,,FALSE,CXk9G3aX*6,FALSE,2025-07-10 07:31:06
841,T122730,機械電子工学科,青木 くみ子,55-5560-1739,学生,,FALSE,5YMtJLtI@8,FALSE,2025-07-10 07:31:06
842,T125416,情報応用工学科,藤原 真綾,070-7652-9409,学生,,FALSE,vx6nAO6p*w,FALSE,2025-07-10 07:31:06
843,61205,財務部,松本 結衣,090-7594-0157,職員,嘱託,FALSE,(8Cw5Ssg37,FALSE,2025-07-10 07:31:06
844,24002,教務部,山本 太郎,080-4509-4962,職員,専任,FALSE,c#K9P8Qzho,FALSE,2025-07-10 07:31:06
845,T123461,機械電子工学科,渡辺 里佳,93-0115-3385,学生,,FALSE,4vbH@3Gtm),FALSE,2025-07-10 07:31:06
846,T123705,機械電子工学科,岡本 桃子,070-9818-0270,学生,,FALSE,)71gOu8fV#,FALSE,2025-07-10 07:31:06
847,T122483,情報応用工学科,斉藤 翼,070-5139-7419,学生,,FALSE,&6bRCfvr3m,FALSE,2025-07-10 07:31:06
848,T122409,情報応用工学科,近藤 里佳,080-4286-3088,学生,,FALSE,n8Ct!WrQ_5,FALSE,2025-07-10 07:31:06
849,66645,財務部,太田 健一,46-8087-6294,教員,非常勤,FALSE,^2yqA6gbR4,FALSE,2025-07-10 07:31:06
850,T124677,機械電子工学科,高橋 太郎,070-9840-6342,学生,,FALSE,t5jn7JbY%N,FALSE,2025-07-10 07:31:06
851,T122492,情報応用工学科,池田 稔,070-6506-7800,学生,,FALSE,bI#2&TCjPS,FALSE,2025-07-10 07:31:06
852,21776,財務部,長谷川 拓真,070-1545-1637,職員,臨時,FALSE,+zp2Xd8J*2,FALSE,2025-07-10 07:31:06
853,22233,財務部,吉田 翼,080-4045-7870,教員,特任,FALSE,Ke5@1Gq9(G,FALSE,2025-07-10 07:31:06
854,T122052,機械電子工学科,青木 明美,090-8328-9422,学生,,FALSE,DdVmjxPf@6,FALSE,2025-07-10 07:31:06
855,64390,財務部,斉藤 篤司,080-8832-6475,職員,専任,FALSE,E)1pZkik6b,FALSE,2025-07-10 07:31:06
856,T125498,情報応用工学科,藤田 京助,090-6388-6865,学生,,FALSE,#*c4KpsOz*,FALSE,2025-07-10 07:31:06
857,T124763,情報応用工学科,斎藤 あすか,090-8396-6133,学生,,FALSE,qbT7LoYs(1,FALSE,2025-07-10 07:31:06
858,T125299,機械電子工学科,藤原 くみ子,090-1912-3191,学生,,FALSE,&w6cZtYtn+,FALSE,2025-07-10 07:31:06
859,T122806,情報応用工学科,山下 晃,06-5202-3608,学生,,FALSE,i(N1Kbs!2d,FALSE,2025-07-10 07:31:06
860,T123275,機械電子工学科,藤原 充,090-5482-9022,学生,,FALSE,XFu9Wi^)&7,FALSE,2025-07-10 07:31:06
861,T123272,機械電子工学科,太田 聡太郎,080-1759-8180,学生,,FALSE,!y5#)Glyg9,FALSE,2025-07-10 07:31:06
862,T122697,情報応用工学科,藤田 明美,070-5019-2973,学生,,FALSE,w91xHacS$(,FALSE,2025-07-10 07:31:06
863,T122796,機械電子工学科,佐々木 拓真,090-6656-6225,学生,,FALSE,^gr_v3RtX#,FALSE,2025-07-10 07:31:06
864,T123314,機械電子工学科,遠藤 陽一,05-9893-4378,学生,,FALSE,p79UlmxBo_,FALSE,2025-07-10 07:31:06
865,49394,財務部,後藤 結衣,91-0743-5256,教員,専任,FALSE,+4uPcSFs)z,FALSE,2025-07-10 07:31:06
866,T123723,機械電子工学科,井上 結衣,070-9149-3541,学生,,FALSE,sFDecF0b$2,FALSE,2025-07-10 07:31:06
867,T123175,機械電子工学科,山本 桃子,070-7486-5319,学生,,FALSE,^pO*Ruj9R4,FALSE,2025-07-10 07:31:06
868,T124877,情報応用工学科,三浦 美加子,16-5451-0271,学生,,FALSE,%JQ91qLg8&,FALSE,2025-07-10 07:31:06
869,T124208,情報応用工学科,森 舞,090-5189-7795,学生,,FALSE,!wm_V7Xd5+,FALSE,2025-07-10 07:31:06
870,T122646,機械電子工学科,渡辺 春香,070-1750-3699,学生,,FALSE,KQ6soBaqa$,FALSE,2025-07-10 07:31:06
871,T122027,機械電子工学科,清水 あすか,080-7737-4314,学生,,FALSE,!7OmWi8XK_,FALSE,2025-07-10 07:31:06
872,53662,財務部,高橋 直人,65-8864-6724,教員,特任,FALSE,x*@2Amc5UY,FALSE,2025-07-10 07:31:06
873,67869,財務部,山崎 花子,47-6578-6736,職員,嘱託,FALSE,NwP2KO*q)w,FALSE,2025-07-10 07:31:06
874,95574,教務部,阿部 浩,070-0258-9146,教員,特任,FALSE,_a2JLqNHs&,FALSE,2025-07-10 07:31:06
875,T123537,情報応用工学科,小川 英樹,090-6669-0144,学生,,FALSE,m3FSps@!^J,FALSE,2025-07-10 07:31:06
876,T124315,機械電子工学科,前田 あすか,070-9618-5785,学生,,FALSE,)4V+UPNlpE,FALSE,2025-07-10 07:31:06
877,33342,財務部,佐藤 結衣,070-2153-0855,教員,特任,FALSE,7@FS&pr5)0,FALSE,2025-07-10 07:31:06
878,48302,財務部,加藤 舞,26-0171-5844,教員,非常勤,FALSE,$4V3@fEfbO,FALSE,2025-07-10 07:31:06
879,41858,財務部,前田 くみ子,080-0445-1590,職員,嘱託,FALSE,3*a8EDKd%S,FALSE,2025-07-10 07:31:06
880,T123339,機械電子工学科,加藤 美加子,38-0431-0142,学生,,FALSE,694UTRmN*E,FALSE,2025-07-10 07:31:06
881,57976,教務部,山崎 加奈,090-8680-5294,教員,非常勤,FALSE,%Gmk7Zd&02,FALSE,2025-07-10 07:31:06
882,T122952,情報応用工学科,鈴木 春香,070-9751-4598,学生,,FALSE,*e^4@JilE7,FALSE,2025-07-10 07:31:06
883,T125302,情報応用工学科,高橋 幹,92-9107-6991,学生,,FALSE,(7YfgV*i5v,FALSE,2025-07-10 07:31:06
884,70692,教務部,吉田 聡太郎,080-7915-6925,教員,特任,FALSE,&4SjAVdgPx,FALSE,2025-07-10 07:31:06
885,T125873,機械電子工学科,山本 美加子,53-1873-2387,学生,,FALSE,(_#1dVmxWD,FALSE,2025-07-10 07:31:06
886,T125357,情報応用工学科,斎藤 聡太郎,070-3981-5859,学生,,FALSE,h*59GywehQ,FALSE,2025-07-10 07:31:06
887,T125972,機械電子工学科,佐藤 舞,090-1040-4323,学生,,FALSE,A#3qvNo5UA,FALSE,2025-07-10 07:31:06
888,T125253,機械電子工学科,小林 亮介,070-2036-4472,学生,,FALSE,3Q0BBuej+t,FALSE,2025-07-10 07:31:06
889,T122667,機械電子工学科,山口 美加子,090-3453-6947,学生,,FALSE,&j8TXd!Uz3,FALSE,2025-07-10 07:31:06
890,41804,財務部,山口 美加子,080-9656-4074,職員,臨時,FALSE,$RHLGiyY(0,FALSE,2025-07-10 07:31:06
891,30256,財務部,鈴木 舞,97-8627-8875,教員,特任,FALSE,#mL%7G8rD$,FALSE,2025-07-10 07:31:06
892,T122342,機械電子工学科,村上 真綾,36-2525-2696,学生,,FALSE,!Kz7ODeXF%,FALSE,2025-07-10 07:31:06
893,T124906,機械電子工学科,鈴木 明美,080-4287-3913,学生,,FALSE,(eiEIjJuh5,FALSE,2025-07-10 07:31:06
894,86539,財務部,佐々木 翔太,090-9037-9834,職員,臨時,FALSE,x+p81AL#oq,FALSE,2025-07-10 07:31:06
895,T124458,機械電子工学科,渡辺 直子,070-8422-0669,学生,,FALSE,P&NX0Ya1#3,FALSE,2025-07-10 07:31:06
896,T124645,情報応用工学科,青木 加奈,070-6069-5422,学生,,FALSE,gFz4jXrP@S,FALSE,2025-07-10 07:31:06
897,T125847,機械電子工学科,中村 くみ子,090-8699-3786,学生,,FALSE,L3CedGkK!4,FALSE,2025-07-10 07:31:06
898,T125406,情報応用工学科,吉田 香織,95-4081-8898,学生,,FALSE,+JTr)cPt9G,FALSE,2025-07-10 07:31:06
899,24375,教務部,三浦 裕太,070-2930-5280,職員,臨時,FALSE,$4JyqR_MrG,FALSE,2025-07-10 07:31:06
900,T125218,機械電子工学科,斉藤 明美,080-7344-2108,学生,,FALSE,$hVhb*rXE2,FALSE,2025-07-10 07:31:06
901,T122799,情報応用工学科,福田 真綾,070-7115-6276,学生,,FALSE,%8WENckn#B,FALSE,2025-07-10 07:31:06
902,T124744,機械電子工学科,山本 稔,080-2368-5642,学生,,FALSE,jt07WJxh++,FALSE,2025-07-10 07:31:06
903,T125672,機械電子工学科,池田 健一,87-1030-0452,学生,,FALSE,fgfu2NpLw(,FALSE,2025-07-10 07:31:06
904,T125882,機械電子工学科,渡辺 拓真,33-2371-5435,学生,,FALSE,VFX0arNyW#,FALSE,2025-07-10 07:31:06
905,T122509,情報応用工学科,佐藤 明美,070-8560-4789,学生,,FALSE,(ojs8VFi2i,FALSE,2025-07-10 07:31:06
906,T122469,機械電子工学科,山口 美加子,070-7742-9173,学生,,FALSE,*lQY*sHQr8,FALSE,2025-07-10 07:31:06
907,39173,教務部,田中 結衣,080-0267-0581,職員,嘱託,FALSE,bGZ6feHrg%,FALSE,2025-07-10 07:31:06
908,T123805,機械電子工学科,高橋 春香,52-0482-9274,学生,,FALSE,f&)6bB3yVC,FALSE,2025-07-10 07:31:06
909,T124242,情報応用工学科,渡辺 陽子,070-5881-7671,学生,,FALSE,43Mi@j6f%#,FALSE,2025-07-10 07:31:06
910,55345,教務部,鈴木 春香,090-4309-2206,職員,嘱託,FALSE,n&#6Yt_c1p,FALSE,2025-07-10 07:31:06
911,23742,財務部,吉田 加奈,070-9695-7771,職員,嘱託,FALSE,0i0Tb8hd!(,FALSE,2025-07-10 07:31:06
912,T122405,情報応用工学科,石井 浩,090-7795-3021,学生,,FALSE,q2Hkw3+h!T,FALSE,2025-07-10 07:31:06
913,28621,財務部,山口 千代,090-1509-5054,職員,嘱託,FALSE,$00IhrgTrh,FALSE,2025-07-10 07:31:06
914,55097,財務部,太田 香織,090-1105-9950,職員,専任,FALSE,G+60mR6gjw,FALSE,2025-07-10 07:31:06
915,78512,財務部,木村 裕美子,71-9426-6450,職員,嘱託,FALSE,f#1#TN!xGT,FALSE,2025-07-10 07:31:06
916,T124313,情報応用工学科,中川 康弘,69-3729-4656,学生,,FALSE,5p7Fqw_G@$,FALSE,2025-07-10 07:31:06
917,T124129,機械電子工学科,加藤 花子,090-7167-5840,学生,,FALSE,!8H(oLOPin,FALSE,2025-07-10 07:31:06
918,51921,教務部,佐藤 花子,070-9397-3519,教員,特任,FALSE,(5FVepu@f6,FALSE,2025-07-10 07:31:06
919,T122205,情報応用工学科,佐々木 京助,080-0686-4064,学生,,FALSE,#ktSKObfh9,FALSE,2025-07-10 07:31:06
920,T122100,機械電子工学科,石井 さゆり,090-0871-6037,学生,,FALSE,8PhWYnwC!g,FALSE,2025-07-10 07:31:06
921,T125151,情報応用工学科,田中 康弘,070-0594-6859,学生,,FALSE,mo4+I!yA^G,FALSE,2025-07-10 07:31:06
922,T125304,情報応用工学科,佐藤 七夏,080-5310-8204,学生,,FALSE,0D9eIbtq**,FALSE,2025-07-10 07:31:06
923,42062,教務部,太田 千代,73-4725-9718,教員,非常勤,FALSE,$96$Judg)A,FALSE,2025-07-10 07:31:06
924,T122774,機械電子工学科,後藤 里佳,090-7908-8229,学生,,FALSE,^pXIzp^6T3,FALSE,2025-07-10 07:31:06
925,T124740,機械電子工学科,鈴木 花子,070-8534-9358,学生,,FALSE,MXIEAAQf(6,FALSE,2025-07-10 07:31:06
926,T124244,情報応用工学科,松本 翼,090-8479-1249,学生,,FALSE,(xVvuSni2!,FALSE,2025-07-10 07:31:06
927,63251,教務部,小林 陽一,070-5039-8155,職員,専任,FALSE,)@(OtoSQ6a,FALSE,2025-07-10 07:31:06
928,94203,財務部,斎藤 裕樹,090-7916-4641,職員,嘱託,FALSE,kvz42@Top^,FALSE,2025-07-10 07:31:06
929,T122130,情報応用工学科,中村 春香,52-7853-7073,学生,,FALSE,WfjU9M2r+U,FALSE,2025-07-10 07:31:06
930,T124186,機械電子工学科,石川 裕美子,070-5144-3700,学生,,FALSE,eDnvH7fpM#,FALSE,2025-07-10 07:31:06
931,61121,教務部,長谷川 知実,090-4645-0575,教員,非常勤,FALSE,x%1QhWPDk_,FALSE,2025-07-10 07:31:06
932,T123033,情報応用工学科,森 桃子,84-4825-6275,学生,,FALSE,*uQ6ZOToy@,FALSE,2025-07-10 07:31:06
933,T123345,情報応用工学科,木村 真綾,090-9273-3406,学生,,FALSE,&dV2LVhY#1,FALSE,2025-07-10 07:31:06
934,T124833,情報応用工学科,鈴木 香織,15-0508-8846,学生,,FALSE,wQ8lL*n#%o,FALSE,2025-07-10 07:31:06
935,T125916,情報応用工学科,山田 亮介,070-0786-6282,学生,,FALSE,w3NNMIMg@2,FALSE,2025-07-10 07:31:06
936,T123769,機械電子工学科,伊藤 明美,090-5563-8591,学生,,FALSE,7GQR4ult%A,FALSE,2025-07-10 07:31:06
937,T122951,機械電子工学科,松田 英樹,090-8933-6628,学生,,FALSE,BNbXLzgu#7,FALSE,2025-07-10 07:31:06
938,T122553,機械電子工学科,石川 千代,090-9202-3164,学生,,FALSE,@t7HUd1zWR,FALSE,2025-07-10 07:31:06
939,98182,財務部,池田 智也,98-4862-0098,教員,非常勤,FALSE,8m^@INyO&6,FALSE,2025-07-10 07:31:06
940,T125122,機械電子工学科,清水 裕美子,42-3013-9927,学生,,FALSE,&H#r5Isyar,FALSE,2025-07-10 07:31:06
941,88486,財務部,鈴木 直人,090-4502-9952,教員,非常勤,FALSE,G_F5YmiE4^,FALSE,2025-07-10 07:31:06
942,T123909,情報応用工学科,高橋 裕美子,070-3045-1262,学生,,FALSE,gr7ikC!0h%,FALSE,2025-07-10 07:31:06
943,T123682,機械電子工学科,中村 智也,080-6398-1959,学生,,FALSE,!AKVmy@6+5,FALSE,2025-07-10 07:31:06
944,T124235,情報応用工学科,林 七夏,080-7089-2614,学生,,FALSE,uOq6HaNb%),FALSE,2025-07-10 07:31:06
945,98564,財務部,前田 学,070-3610-9897,職員,臨時,FALSE,%A49N8Rlf(,FALSE,2025-07-10 07:31:06
946,T124900,情報応用工学科,中島 篤司,090-7755-3617,学生,,FALSE,FU$1JdGsO+,FALSE,2025-07-10 07:31:06
947,T125293,情報応用工学科,山田 裕美子,070-7650-5714,学生,,FALSE,*um0N0slE3,FALSE,2025-07-10 07:31:06
948,T123522,情報応用工学科,佐藤 学,090-6522-4530,学生,,FALSE,_69OJnfOj),FALSE,2025-07-10 07:31:06
949,T123155,機械電子工学科,清水 智也,070-8783-7812,学生,,FALSE,+YQ87UOxWI,FALSE,2025-07-10 07:31:06
950,25371,教務部,岡本 真綾,090-0522-4114,職員,嘱託,FALSE,_6U4tTVW_L,FALSE,2025-07-10 07:31:06
951,T125407,情報応用工学科,山本 くみ子,080-4718-1499,学生,,FALSE,ehP_34Uc+j,FALSE,2025-07-10 07:31:06
952,77164,財務部,斎藤 晃,070-4887-8759,教員,特任,FALSE,^eS**DvcZ8,FALSE,2025-07-10 07:31:06
953,T124932,情報応用工学科,青木 舞,84-5458-5479,学生,,FALSE,*2LefnI_dg,FALSE,2025-07-10 07:31:06
954,T124831,機械電子工学科,小林 亮介,070-0933-3695,学生,,FALSE,4&Qem0+*^M,FALSE,2025-07-10 07:31:06
955,65622,教務部,鈴木 洋介,080-9209-1102,職員,嘱託,FALSE,E5WnkmFh&k,FALSE,2025-07-10 07:31:06
956,T125114,情報応用工学科,井上 桃子,070-4454-8827,学生,,FALSE,$gMoMXBjZ0,FALSE,2025-07-10 07:31:06
957,82960,教務部,長谷川 花子,090-3236-3914,職員,嘱託,FALSE,SZ0Tw5d+V$,FALSE,2025-07-10 07:31:06
958,47968,教務部,松本 英樹,090-1257-6136,教員,専任,FALSE,yizV7@Zxz@,FALSE,2025-07-10 07:31:06
959,T123530,機械電子工学科,伊藤 七夏,98-0025-2839,学生,,FALSE,^W&EFL!x7l,FALSE,2025-07-10 07:31:06
960,91441,教務部,田中 陽子,25-1527-8293,教員,特任,FALSE,&pCk%DbOS6,FALSE,2025-07-10 07:31:06
961,11258,財務部,山下 結衣,080-9271-8764,教員,専任,FALSE,1&(5KX1xu!,FALSE,2025-07-10 07:31:06
962,T122942,機械電子工学科,森 裕樹,090-6356-5416,学生,,FALSE,6jK6gRzV!O,FALSE,2025-07-10 07:31:06
963,83839,財務部,松田 裕太,070-4702-4968,職員,嘱託,FALSE,6wVFe^T%!Y,FALSE,2025-07-10 07:31:06
964,74658,財務部,伊藤 拓真,090-1432-3248,教員,非常勤,FALSE,#yjIWOolt3,FALSE,2025-07-10 07:31:06
965,T124173,機械電子工学科,近藤 健一,090-9092-8059,学生,,FALSE,z#7Fy^a*6x,FALSE,2025-07-10 07:31:06
966,T122815,情報応用工学科,中村 直人,080-6669-1660,学生,,FALSE,!U8NVvxxG7,FALSE,2025-07-10 07:31:06
967,T124790,情報応用工学科,伊藤 涼平,64-2742-0184,学生,,FALSE,id+82Rb!S*,FALSE,2025-07-10 07:31:06
968,T125923,情報応用工学科,山本 明美,56-2760-0943,学生,,FALSE,n0a)aA*o&e,FALSE,2025-07-10 07:31:06
969,T123423,情報応用工学科,田中 稔,080-2424-0440,学生,,FALSE,(2gkOaDx@X,FALSE,2025-07-10 07:31:06
970,46128,教務部,林 春香,070-3388-6660,職員,臨時,FALSE,YdrC8_Lz_C,FALSE,2025-07-10 07:31:06
971,47948,教務部,近藤 篤司,070-5069-3330,教員,特任,FALSE,v%lu%4Pa@_,FALSE,2025-07-10 07:31:06
972,T124793,機械電子工学科,伊藤 翼,080-7158-0147,学生,,FALSE,gD4dFhWy!e,FALSE,2025-07-10 07:31:06
973,82284,教務部,田中 花子,070-6096-4461,教員,非常勤,FALSE,!0rJ8VkO(J,FALSE,2025-07-10 07:31:06
974,T122556,機械電子工学科,山本 篤司,070-4928-8619,学生,,FALSE,h2FO2WCu^0,FALSE,2025-07-10 07:31:06
975,T125828,機械電子工学科,渡辺 洋介,070-5936-2495,学生,,FALSE,Hh)s4Bf+Tc,FALSE,2025-07-10 07:31:06
976,T124675,情報応用工学科,近藤 知実,070-7732-2891,学生,,FALSE,%%ZFmjxxc1,FALSE,2025-07-10 07:31:06
977,T125756,機械電子工学科,山下 あすか,080-1338-3714,学生,,FALSE,jhgXV5Fm#i,FALSE,2025-07-10 07:31:06
978,T124697,情報応用工学科,伊藤 七夏,30-4431-5107,学生,,FALSE,+9JjbY4lp+,FALSE,2025-07-10 07:31:06
979,T124085,情報応用工学科,佐藤 桃子,080-9472-4033,学生,,FALSE,Th77BLII*),FALSE,2025-07-10 07:31:06
980,T125646,情報応用工学科,鈴木 陽子,090-4175-4482,学生,,FALSE,2Fi1Jp@k7%,FALSE,2025-07-10 07:31:06
981,T123452,情報応用工学科,中島 英樹,080-3810-2546,学生,,FALSE,9VzSnA@8+(,FALSE,2025-07-10 07:31:06
982,T124211,機械電子工学科,林 陽子,090-3402-9221,学生,,FALSE,)5IZxXydIp,FALSE,2025-07-10 07:31:06
983,T123695,情報応用工学科,橋本 浩,080-2180-7294,学生,,FALSE,#$yH(8Fc4*,FALSE,2025-07-10 07:31:06
984,T124158,情報応用工学科,伊藤 治,090-1199-6378,学生,,FALSE,gHnm9uthg&,FALSE,2025-07-10 07:31:06
985,T125842,情報応用工学科,後藤 幹,080-5583-1252,学生,,FALSE,k3HhUP^h*4,FALSE,2025-07-10 07:31:06
986,T123017,機械電子工学科,岡田 陽一,090-9317-2889,学生,,FALSE,&9Ld*Po$#j,FALSE,2025-07-10 07:31:06
987,T125526,機械電子工学科,伊藤 和也,070-7066-2749,学生,,FALSE,&@Ya8#QaCH,FALSE,2025-07-10 07:31:06
988,31817,教務部,後藤 健一,090-3780-1962,職員,専任,FALSE,)GI63VuWzc,FALSE,2025-07-10 07:31:06
989,37201,教務部,加藤 春香,080-3127-5856,教員,非常勤,FALSE,h()1z6QkHQ,FALSE,2025-07-10 07:31:06
990,T123709,機械電子工学科,青木 稔,090-9892-7674,学生,,FALSE,)WeEHRc13R,FALSE,2025-07-10 07:31:06
991,T124954,情報応用工学科,斎藤 千代,090-7829-9123,学生,,FALSE,$g6C3QsqMO,FALSE,2025-07-10 07:31:06
992,52553,財務部,佐藤 直子,070-6600-2716,教員,特任,FALSE,FvGkZsau!7,FALSE,2025-07-10 07:31:06
993,T124842,機械電子工学科,佐々木 くみ子,07-0889-1794,学生,,FALSE,*2N^7K#rVA,FALSE,2025-07-10 07:31:06
994,T124541,情報応用工学科,山崎 翼,070-3867-1527,学生,,FALSE,_*ps3Ng2^l,FALSE,2025-07-10 07:31:06
995,T122661,機械電子工学科,斎藤 香織,090-6853-2757,学生,,FALSE,&6Mmc4xnk+,FALSE,2025-07-10 07:31:06
996,T122276,機械電子工学科,岡本 里佳,070-4433-3374,学生,,FALSE,e^RHopk2$0,FALSE,2025-07-10 07:31:06
997,96253,教務部,藤原 涼平,090-6660-2457,教員,非常勤,FALSE,)oCJUmqCN0,FALSE,2025-07-10 07:31:06
998,T122647,情報応用工学科,小川 真綾,070-0061-3327,学生,,FALSE,&sHCY3Nne7,FALSE,2025-07-10 07:31:06
999,T122718,機械電子工学科,小川 幹,070-0396-2958,学生,,FALSE,ChUvS0L!6@,FALSE,2025-07-10 07:31:06
1000,T123207,機械電子工学科,林 英樹,090-6581-4106,学生,,FALSE,f@#&B1IgxC,FALSE,2025-07-10 07:31:06
